importer_iso3,exporter_iso3,good,hs_code,value_usd,weight_metric_tons,exporter_is_efta
AUT,CHN,Electronics,85,"4,651,384,372","165,536",False
AUT,CHN,Garments,62,"743,136,390","12,671",False
AUT,BGD,Garments,61,"700,713,014","32,171",False
AUT,CHN,Garments,61,"595,421,389","15,728",False
AUT,BGD,Garments,62,"463,084,130","15,861",False
AUT,CHN,Footwear,64,"458,044,174","13,185",False
AUT,VNM,Garments,62,"245,450,626","3,086",False
AUT,MYS,Electronics,85,"221,115,214","2,668",False
AUT,CHN,Toys,9503,"208,714,716","11,170",False
AUT,VNM,Garments,61,"149,591,515","2,286",False
AUT,CIV,Cocoa,180100,"99,353,875","12,566",False
AUT,MMR,Garments,62,"96,632,675","2,777",False
AUT,CHN,Toys,9504,"77,988,733","2,147",False
AUT,IND,Garments,62,"67,479,239","1,234",False
AUT,MMR,Garments,61,"49,821,114","2,599",False
AUT,IND,Garments,61,"44,018,596","1,742",False
AUT,CHN,Christmas Decorations,950510,"19,075,276","1,349",False
AUT,NGA,Cocoa,180100,"18,430,288","3,587",False
AUT,CHN,Artificial Flowers,6702,"16,000,373","1,146",False
AUT,CHN,Nails,7317,"13,787,571","4,816",False
AUT,IDN,Nickel,7502,"12,805,102",757,False
AUT,THA,Garments,61,"12,189,778",194,False
AUT,THA,Garments,62,"11,817,872",115,False
AUT,CHN,Thread/Yarn,5402,"10,973,718","3,118",False
AUT,CHN,Toys,950590,"10,190,985",672,False
AUT,CHN,Caustic Soda,281512,"9,734,739","39,480",False
AUT,CHN,Aluminum,7604,"9,159,536","1,477",False
AUT,CHN,Fireworks,360410,"8,454,633","2,077",False
AUT,MUS,Garments,61,"7,847,664",104,False
AUT,IND,Carpets,5702,"6,461,089",761,False
AUT,CHN,Gloves,420329,"6,162,236",96,False
AUT,IND,Thread/Yarn,5205,"4,157,537",670,False
AUT,CHN,Aluminum,7606,"3,781,026",634,False
AUT,MUS,Garments,62,"3,498,721",55,False
AUT,CHN,Tomato Products,210320,"3,374,888","2,138",False
AUT,IND,Rice,1006,"3,217,451","2,018",False
AUT,IND,Carpets,5703,"3,199,739",448,False
AUT,MYS,Rubber Gloves,401519,"3,013,841",324,False
AUT,CHN,Hair Products,670420,"2,879,777",35,False
AUT,MYS,Garments,61,"2,758,366",72,False
AUT,IND,Carpets,5701,"2,174,577",66,False
AUT,IND,Bricks,690220,"1,980,867",324,False
AUT,IND,Carpets,5705,"1,708,921",225,False
AUT,CHN,Bricks,690210,"1,672,297","1,358",False
AUT,CHN,Thread/Yarn,5511,"1,463,969",140,False
AUT,CHN,Tomato Products,210390,"1,316,913",373,False
AUT,CHN,Thread/Yarn,5401,"1,237,527",69,False
AUT,MYS,Garments,62,"1,008,851",14,False
AUT,CHN,Aluminum,7603,"845,393",127,False
AUT,CHN,Nails,761610,"800,179",107,False
AUT,IND,Thread/Yarn,5402,"783,153",481,False
AUT,NPL,Carpets,5701,"737,397",9,False
AUT,PAK,Carpets,5701,"659,513",15,False
AUT,IND,Tea,210690,"633,308",122,False
AUT,CHN,Gloves,611691,"532,160",5,False
AUT,CHN,Thread/Yarn,5207,"472,437",34,False
AUT,BLR,Furniture,94,"401,372",178,False
AUT,CHN,Tomato Products,200290,"388,371",357,False
AUT,CHN,Coal,2701,"387,435",882,False
AUT,CHN,Thread/Yarn,5205,"367,493",31,False
AUT,CHN,Bricks,690290,"320,311",81,False
AUT,CHN,Thread/Yarn,5508,"303,782",29,False
AUT,CHN,Bricks,690220,"244,703",122,False
AUT,CHN,Christmas Decorations,853922,"232,978",9,False
AUT,MMR,Rice,1006,"222,482",201,False
AUT,BRA,Garments,61,"213,712",4,False
AUT,CHN,Polysilicon,280461,"126,367",2,False
AUT,PER,Gold,7108,"118,089",20,False
AUT,CHN,Hair Products,670300,"96,136",0,False
AUT,PAK,Carpets,5702,"89,441",9,False
AUT,BRA,Garments,62,"88,903",1,False
AUT,ARG,Garments,62,"87,523",2,False
AUT,IND,Sandstone,251620,"84,810",253,False
AUT,CHN,Tomato Products,120991,"82,786",2,False
AUT,IND,Thread/Yarn,5207,"68,111",5,False
AUT,CHN,Aluminum,7605,"65,317",8,False
AUT,IND,Thread/Yarn,5509,"56,371",6,False
AUT,CHN,Metallurgical Grade Silicon,280469,"53,537",18,False
AUT,CHN,Thread/Yarn,5406,"50,733",3,False
AUT,IND,Thread/Yarn,5511,"50,247",4,False
AUT,CHN,Squid,160554,"48,142",7,False
AUT,CHN,Nails,741510,"41,910",5,False
AUT,CHN,Thread/Yarn,5204,"41,422",3,False
AUT,IND,Bricks,690290,"39,611",25,False
AUT,CHN,Bricks,6904,"38,139",224,False
AUT,IND,Thread/Yarn,5401,"34,408",1,False
AUT,NPL,Carpets,5705,"31,918",0,False
AUT,CHN,Aluminum,7601,"29,317",2,False
AUT,ARG,Garments,61,"28,692",1,False
AUT,CHN,Thread/Yarn,5510,"22,082",1,False
AUT,IND,Embellished Textiles,540792,"18,054",1,False
AUT,CHN,Bricks,681011,"17,218",18,False
AUT,CHN,Thread/Yarn,5509,"16,230",1,False
AUT,PAK,Carpets,5705,"13,875",1,False
AUT,IND,Rice,100890,"12,131",3,False
AUT,IND,Bricks,6901,"11,877",2,False
AUT,CHN,Thread/Yarn,5403,"9,658",1,False
AUT,CHN,Bricks,6901,"9,451",2,False
AUT,NPL,Carpets,5702,"6,534",0,False
AUT,CHN,Polyvinyl Chloride,390410,"6,104",1,False
AUT,IND,Carpets,5704,"6,048",3,False
AUT,PAK,Carpets,5703,"3,891",0,False
AUT,IND,Thread/Yarn,5406,"3,637",0,False
AUT,NPL,Carpets,5704,"3,179",0,False
AUT,CHN,Cotton,5201,"2,757",0,False
AUT,CHN,Polyvinyl Chloride,390421,"1,656",0,False
AUT,CHN,Polyvinyl Chloride,390422,"1,523",0,False
AUT,NPL,Carpets,5703,829,0,False
AUT,IND,Embellished Textiles,580900,724,0,False
AUT,IND,Thread/Yarn,5204,551,0,False
AUT,CHN,Thread/Yarn,5206,412,0,False
AUT,IND,Thread/Yarn,5508,211,0,False
AUT,IND,Bricks,681011,124,0,False
AUT,IND,Tea,210120,26,0,False
AUT,RUS,Bricks,6904,16,0,False
AUT,IND,Thread/Yarn,5403,15,0,False
AUT,PAK,Cotton,5201,9,0,False
AUT,MWI,Tobacco,2401,2,0,False
BEL,CHN,Electronics,85,"3,437,424,942","300,428",False
BEL,CHN,Footwear,64,"771,621,092","29,812",False
BEL,AGO,Diamonds,7102,"553,643,242",1,False
BEL,CIV,Cocoa,180100,"470,659,916","161,307",False
BEL,CHN,Garments,61,"401,360,787","17,541",False
BEL,MYS,Electronics,85,"347,077,864","5,464",False
BEL,CHN,Toys,9503,"333,019,518","19,655",False
BEL,CHN,Garments,62,"318,856,604","13,617",False
BEL,BGD,Garments,61,"267,971,231","22,005",False
BEL,NGA,Cocoa,180100,"154,411,161","21,690",False
BEL,MMR,Rice,1006,"134,020,347","286,151",False
BEL,MWI,Tobacco,2401,"120,969,175","20,272",False
BEL,BGD,Garments,62,"119,978,770","6,213",False
BEL,IND,Garments,61,"91,475,977","2,685",False
BEL,IND,Garments,62,"55,769,801","1,454",False
BEL,MMR,Garments,62,"51,860,125","1,541",False
BEL,CHN,Thread/Yarn,5402,"48,204,340","29,734",False
BEL,THA,Garments,61,"47,650,946","1,536",False
BEL,CHN,Aluminum,7606,"45,271,897","11,090",False
BEL,CHN,Toys,9504,"38,123,176","5,505",False
BEL,CHN,Christmas Decorations,950510,"37,402,959","2,675",False
BEL,MMR,Garments,61,"35,826,080","1,174",False
BEL,CHN,Coal,2701,"32,103,391","80,911",False
BEL,MYS,Rubber Gloves,401519,"28,051,434","3,548",False
BEL,SLE,Diamonds,7102,"27,268,261",0,False
BEL,CHN,Artificial Flowers,6702,"26,960,412","2,436",False
BEL,IND,Thread/Yarn,5402,"25,745,588","9,932",False
BEL,PER,Gold,7108,"23,412,222",21,False
BEL,VNM,Garments,62,"22,331,186",727,False
BEL,VNM,Garments,61,"22,016,426",688,False
BEL,MYS,Garments,61,"19,753,815","1,892",False
BEL,CHN,Toys,950590,"11,117,037",973,False
BEL,IND,Rice,1006,"9,168,287","8,103",False
BEL,CHN,Hair Products,670420,"8,992,854",25,False
BEL,CHN,Bricks,690220,"8,862,876","4,177",False
BEL,THA,Garments,62,"8,460,928",307,False
BEL,CHN,Bricks,690210,"5,912,055","10,357",False
BEL,CHN,Nails,7317,"5,870,037","3,140",False
BEL,IND,Carpets,5702,"5,157,011",588,False
BEL,IND,Thread/Yarn,5205,"4,738,637","1,343",False
BEL,IND,Thread/Yarn,5510,"4,312,538","1,171",False
BEL,IND,Carpets,5703,"3,898,715",775,False
BEL,IND,Thread/Yarn,5509,"3,836,409","1,561",False
BEL,CHN,Polysilicon,280461,"3,821,395",16,False
BEL,CHN,Aluminum,7604,"3,804,386",685,False
BEL,IND,Sandstone,251620,"3,312,699","31,575",False
BEL,CHN,Fireworks,360410,"3,165,256","1,345",False
BEL,IND,Carpets,5701,"2,328,929",56,False
BEL,CHN,Metallurgical Grade Silicon,280469,"2,114,490",916,False
BEL,IND,Embellished Textiles,540792,"1,990,911",127,False
BEL,IND,Carpets,5705,"1,945,727",291,False
BEL,MUS,Garments,61,"1,705,583",23,False
BEL,BLR,Furniture,94,"1,672,292",302,False
BEL,CHN,Gloves,420329,"1,606,112",125,False
BEL,MYS,Garments,62,"1,595,168",89,False
BEL,CIV,Cocoa,180200,"1,507,087",620,False
BEL,IND,Thread/Yarn,5206,"1,476,788",510,False
BEL,NPL,Carpets,5701,"1,374,255",29,False
BEL,IDN,Nickel,7502,"1,106,873",66,False
BEL,CHN,Polyvinyl Chloride,390410,"968,916","1,477",False
BEL,IND,Thread/Yarn,5403,"916,659",111,False
BEL,CHN,Tomato Products,200290,"807,082",748,False
BEL,CHN,Tomato Products,210390,"787,006",166,False
BEL,CHN,Bricks,690290,"699,395",111,False
BEL,IND,Tea,210120,"631,509",58,False
BEL,CHN,Nails,761610,"532,978",33,False
BEL,IND,Tea,210690,"484,309",93,False
BEL,PAK,Carpets,5702,"448,242",43,False
BEL,IND,Bricks,690220,"442,832",279,False
BEL,CHN,Bricks,6904,"440,461",754,False
BEL,IND,Thread/Yarn,5406,"404,203",160,False
BEL,TKM,Cotton,5201,"399,398",474,False
BEL,CHN,Thread/Yarn,5509,"371,745",96,False
BEL,CHN,Christmas Decorations,853922,"368,194",15,False
BEL,CHN,Aluminum,7605,"363,434",68,False
BEL,NPL,Carpets,5702,"312,533",7,False
BEL,CHN,Squid,160554,"297,656",61,False
BEL,MMR,Rubies,710391,"286,979",0,False
BEL,IDN,Palm Fruit,120710,"242,251",1,False
BEL,COD,Gold,7108,"232,408",194,False
BEL,CHN,Thread/Yarn,5206,"219,659",43,False
BEL,IND,Bricks,690210,"218,718",136,False
BEL,PAK,Carpets,5701,"198,320",4,False
BEL,CHN,Thread/Yarn,5205,"191,886",28,False
BEL,CHN,Thread/Yarn,5401,"187,237",27,False
BEL,CHN,Thread/Yarn,5508,"160,148",24,False
BEL,BRA,Garments,61,"152,274",2,False
BEL,CHN,Thread/Yarn,5207,"117,628",9,False
BEL,PAK,Carpets,5703,"115,435",18,False
BEL,CHN,Thread/Yarn,5406,"115,304",6,False
BEL,IDN,Nickel,7501,"114,808",7,False
BEL,IND,Thread/Yarn,5511,"108,384",12,False
BEL,CHN,Thread/Yarn,5510,"104,553",18,False
BEL,IND,Bricks,690290,"100,197",187,False
BEL,CHN,Hair Products,670300,"79,456",1,False
BEL,KAZ,Cotton,5201,"79,351",61,False
BEL,MUS,Garments,62,"76,109",1,False
BEL,CHN,Thread/Yarn,5204,"45,928",5,False
BEL,BRA,Garments,62,"44,750",0,False
BEL,IND,Bricks,6904,"44,297",157,False
BEL,CHN,Gloves,611691,"42,953",0,False
BEL,CHN,Thread/Yarn,5403,"40,621",10,False
BEL,IND,Thread/Yarn,5401,"35,608",5,False
BEL,CHN,Aluminum,7601,"22,968",9,False
BEL,CHN,Thread/Yarn,5511,"21,691",1,False
BEL,CHN,Caustic Soda,281511,"20,695",22,False
BEL,CHN,Nails,741510,"18,318",1,False
BEL,NPL,Carpets,5703,"13,284",0,False
BEL,IND,Embellished Textiles,580900,"9,823",0,False
BEL,CHN,Aluminum,7603,"8,421",2,False
BEL,CHN,Bricks,6901,"7,958",0,False
BEL,CHN,Cotton,5201,"6,323",0,False
BEL,IDN,Nickel,260400,"5,797",3,False
BEL,IND,Carpets,5704,"2,162",0,False
BEL,IDN,Nickel,720260,"2,156",1,False
BEL,CHN,Polyvinyl Chloride,390422,"2,014",0,False
BEL,ARG,Garments,61,"1,705",0,False
BEL,ARG,Garments,62,"1,465",0,False
BEL,ETH,Textiles (hand-woven),5209,"1,002",0,False
BEL,IND,Thread/Yarn,5207,885,0,False
BEL,CHN,Tomato Products,210320,662,0,False
BEL,NGA,Cocoa,180200,642,25,False
BEL,CHN,Bricks,681011,516,3,False
BEL,IND,Bricks,681011,301,1,False
BEL,BRA,Charcoal,4402,298,1,False
BEL,IND,Sugarcane,121293,263,0,False
BEL,CHN,Tomato Products,120991,189,0,False
BEL,PAK,Carpets,5705,153,0,False
BEL,IND,Thread/Yarn,5508,99,0,False
BEL,IND,Thread/Yarn,5204,95,0,False
BEL,IND,Rice,100890,45,0,False
BEL,BRA,Timber,4403,26,0,False
BEL,CHN,Polyvinyl Chloride,390421,3,0,False
BGR,CHN,Electronics,85,"1,953,892,193","159,192",False
BGR,CHN,Toys,9503,"133,417,515","23,974",False
BGR,MYS,Electronics,85,"132,940,742","1,254",False
BGR,CHN,Footwear,64,"114,311,174","6,050",False
BGR,BGD,Garments,61,"114,111,209","6,502",False
BGR,CHN,Garments,61,"100,615,496","5,014",False
BGR,CHN,Garments,62,"79,182,269","2,993",False
BGR,BGD,Garments,62,"72,315,122","3,178",False
BGR,CIV,Cocoa,180100,"68,360,658","20,081",False
BGR,CHN,Toys,9504,"42,438,408","1,035",False
BGR,MMR,Garments,62,"21,458,630","1,041",False
BGR,IND,Garments,61,"19,466,240","1,083",False
BGR,VNM,Garments,61,"17,360,349",334,False
BGR,MMR,Rice,1006,"16,632,622","22,615",False
BGR,VNM,Garments,62,"16,063,155",309,False
BGR,MMR,Garments,61,"15,029,168",811,False
BGR,NGA,Cocoa,180100,"13,409,076","3,540",False
BGR,IND,Garments,62,"10,097,281",323,False
BGR,CHN,Artificial Flowers,6702,"6,125,190","1,174",False
BGR,CHN,Christmas Decorations,950510,"5,125,914",777,False
BGR,PER,Gold,7108,"4,208,605",1,False
BGR,CHN,Thread/Yarn,5402,"3,338,116","1,236",False
BGR,CHN,Thread/Yarn,5401,"2,552,271",199,False
BGR,MWI,Tobacco,2401,"2,492,131",407,False
BGR,CHN,Thread/Yarn,5510,"2,482,170",530,False
BGR,CHN,Thread/Yarn,5509,"2,238,709",534,False
BGR,CHN,Aluminum,7606,"2,185,651",658,False
BGR,CHN,Nails,7317,"1,946,407",768,False
BGR,CHN,Fireworks,360410,"1,862,490","2,334",False
BGR,CHN,Toys,950590,"1,616,977",335,False
BGR,CHN,Thread/Yarn,5403,"1,430,632",208,False
BGR,IND,Carpets,5703,"1,416,718",419,False
BGR,CHN,Bricks,690210,"1,383,764","1,429",False
BGR,IND,Bricks,690210,"1,339,889",801,False
BGR,IND,Carpets,5702,"1,316,537",280,False
BGR,MYS,Garments,61,"1,310,623",31,False
BGR,CHN,Thread/Yarn,5508,"1,307,877",262,False
BGR,THA,Garments,61,"1,296,926",21,False
BGR,CHN,Bricks,690220,"1,266,253",510,False
BGR,CHN,Aluminum,7604,"1,181,987",203,False
BGR,IND,Thread/Yarn,5402,"1,158,930",502,False
BGR,IND,Rice,1006,"1,130,006","1,462",False
BGR,IND,Thread/Yarn,5205,"1,058,279",341,False
BGR,CHN,Nails,761610,"1,022,488",55,False
BGR,CHN,Tomato Products,200290,"973,945",715,False
BGR,BLR,Furniture,94,"909,233",434,False
BGR,CHN,Tomato Products,120991,"744,082",33,False
BGR,IND,Thread/Yarn,5401,"700,983",80,False
BGR,CHN,Tomato Products,210390,"676,105",274,False
BGR,MYS,Rubber Gloves,401519,"493,999",87,False
BGR,THA,Garments,62,"425,111",5,False
BGR,IND,Carpets,5705,"424,934",137,False
BGR,IND,Thread/Yarn,5510,"353,050",106,False
BGR,IND,Bricks,690220,"351,876",189,False
BGR,CHN,Gloves,420329,"334,621",24,False
BGR,CHN,Hair Products,670420,"304,222",1,False
BGR,CHN,Thread/Yarn,5205,"260,668",52,False
BGR,IND,Thread/Yarn,5509,"259,745",40,False
BGR,IND,Thread/Yarn,5206,"251,367",80,False
BGR,IND,Tea,210690,"241,870",40,False
BGR,CHN,Christmas Decorations,853922,"133,663",24,False
BGR,MYS,Garments,62,"121,990",3,False
BGR,IND,Carpets,5701,"101,448",8,False
BGR,IND,Tea,210120,"91,472",13,False
BGR,CHN,Bricks,690290,"83,344",56,False
BGR,MUS,Garments,61,"77,986",1,False
BGR,IND,Bricks,690290,"72,982",91,False
BGR,CHN,Thread/Yarn,5206,"72,090",25,False
BGR,MUS,Garments,62,"70,708",1,False
BGR,CHN,Coal,2701,"69,286",195,False
BGR,CHN,Aluminum,7605,"67,973",11,False
BGR,IND,Thread/Yarn,5508,"65,825",9,False
BGR,IND,Embellished Textiles,540792,"59,620",0,False
BGR,IND,Thread/Yarn,5204,"38,882",4,False
BGR,PAK,Carpets,5702,"34,681",7,False
BGR,BRA,Garments,62,"31,764",0,False
BGR,CHN,Gloves,611691,"31,681",1,False
BGR,CHN,Thread/Yarn,5511,"31,341",4,False
BGR,CHN,Tomato Products,210320,"23,454",18,False
BGR,PAK,Carpets,5701,"20,721",0,False
BGR,IND,Rice,100890,"19,838",9,False
BGR,CHN,Hair Products,670300,"18,791",0,False
BGR,IND,Carpets,5704,"15,626",6,False
BGR,CHN,Thread/Yarn,5204,"12,773",2,False
BGR,BRA,Garments,61,"10,564",0,False
BGR,CHN,Bricks,6904,"10,192",17,False
BGR,CHN,Nails,741510,"7,403",0,False
BGR,CHN,Thread/Yarn,5207,"5,239",0,False
BGR,CHN,Metallurgical Grade Silicon,280469,"5,010",2,False
BGR,CHN,Thread/Yarn,5406,"4,518",1,False
BGR,NPL,Carpets,5702,"4,441",0,False
BGR,CHN,Squid,160554,"3,832",0,False
BGR,PAK,Carpets,5703,"2,929",0,False
BGR,CHN,Bricks,681011,"2,444",3,False
BGR,CHN,Polyvinyl Chloride,390410,"1,995",0,False
BGR,PAK,Carpets,5705,"1,812",0,False
BGR,CHN,Caustic Soda,281511,"1,782",2,False
BGR,ARG,Garments,61,"1,776",0,False
BGR,NPL,Carpets,5701,"1,241",0,False
BGR,IND,Thread/Yarn,5511,803,0,False
BGR,CHN,Polyvinyl Chloride,390421,408,0,False
BGR,CHN,Polyvinyl Chloride,390422,306,0,False
BGR,IND,Bricks,681011,28,0,False
BGR,PAK,Cotton,5201,7,0,False
BGR,CHN,Bricks,6901,2,0,False
CHE,BFA,Gold,7108,"6,272,636,344",91,False
CHE,CHN,Electronics,85,"4,275,633,098","134,364",False
CHE,PER,Gold,7108,"2,567,762,154",234,False
CHE,CHN,Garments,62,"1,351,045,910","19,283",False
CHE,CHN,Garments,61,"1,045,328,141","18,693",False
CHE,CHN,Footwear,64,"565,577,646","13,061",False
CHE,BGD,Garments,61,"535,359,158","12,626",False
CHE,BGD,Garments,62,"476,833,314","8,525",False
CHE,VNM,Garments,62,"278,819,313","2,085",False
CHE,MYS,Electronics,85,"259,192,930","1,561",False
CHE,CHN,Toys,9503,"251,109,345","12,254",False
CHE,IND,Garments,62,"171,517,381","1,642",False
CHE,VNM,Garments,61,"166,579,304","1,560",False
CHE,CHN,Toys,9504,"151,955,264","2,869",False
CHE,IND,Garments,61,"113,196,085","2,478",False
CHE,MMR,Garments,62,"71,273,907","1,199",False
CHE,BFA,Cotton,5201,"49,102,124","26,533",False
CHE,CHN,Aluminum,7606,"30,615,419","9,254",False
CHE,MMR,Rubies,710391,"29,150,302",0,False
CHE,MMR,Garments,61,"24,936,541",954,False
CHE,CHN,Christmas Decorations,950510,"23,618,006","1,655",False
CHE,THA,Garments,61,"20,417,846",185,False
CHE,MYS,Rubber Gloves,401519,"18,683,565","2,295",False
CHE,CHN,Toys,950590,"17,810,124",782,False
CHE,CHN,Artificial Flowers,6702,"17,014,508",962,False
CHE,CHN,Aluminum,7604,"16,532,666","3,542",False
CHE,CIV,Cocoa,180100,"14,786,261","3,870",False
CHE,IND,Rice,1006,"11,086,435","6,513",False
CHE,THA,Garments,62,"10,547,486",83,False
CHE,IND,Carpets,5702,"10,512,218",852,False
CHE,MYS,Garments,61,"6,331,035",134,False
CHE,CHN,Fireworks,360410,"5,995,676","1,015",False
CHE,MUS,Garments,62,"4,946,430",46,False
CHE,CHN,Gloves,420329,"4,836,248",143,False
CHE,CHN,Nails,7317,"4,337,874","1,022",False
CHE,CHN,Hair Products,670420,"4,333,822",13,False
CHE,IND,Carpets,5701,"4,095,301",112,False
CHE,IND,Carpets,5703,"3,995,297",352,False
CHE,NPL,Carpets,5701,"3,114,118",20,False
CHE,MUS,Garments,61,"2,567,698",20,False
CHE,CHN,Tomato Products,210390,"2,159,088",512,False
CHE,IND,Carpets,5705,"1,660,834",317,False
CHE,CHN,Thread/Yarn,5401,"1,608,540",24,False
CHE,MWI,Tobacco,2401,"1,514,831",260,False
CHE,CHN,Thread/Yarn,5402,"1,483,987",598,False
CHE,MYS,Garments,62,"1,128,045",15,False
CHE,CHN,Nails,761610,"1,075,934",69,False
CHE,CHN,Thread/Yarn,5511,"1,075,442",39,False
CHE,IND,Tea,210690,"978,280",49,False
CHE,CHN,Thread/Yarn,5204,"779,466",28,False
CHE,MMR,Jade,710399,"762,817",0,False
CHE,CHN,Gloves,611691,"728,676",4,False
CHE,CHN,Metallurgical Grade Silicon,280469,"715,748",224,False
CHE,CHN,Aluminum,7605,"693,538",110,False
CHE,IND,Thread/Yarn,5205,"645,152",77,False
CHE,CHN,Christmas Decorations,853922,"571,523",7,False
CHE,IND,Rice,100890,"560,943",326,False
CHE,CHN,Aluminum,7601,"549,950",156,False
CHE,NGA,Cocoa,180100,"517,439",141,False
CHE,PAK,Carpets,5701,"439,107",14,False
CHE,BRA,Garments,62,"343,904",3,False
CHE,BRA,Garments,61,"321,910",3,False
CHE,CHN,Thread/Yarn,5207,"295,287",12,False
CHE,CHN,Tomato Products,120991,"286,838",1,False
CHE,AGO,Diamonds,7102,"254,426",0,False
CHE,IND,Sandstone,251620,"241,912",443,False
CHE,CHN,Bricks,690210,"240,046",146,False
CHE,CHN,Thread/Yarn,5205,"208,172",11,False
CHE,PAK,Carpets,5702,"199,315",6,False
CHE,CHN,Thread/Yarn,5508,"181,850",16,False
CHE,NPL,Carpets,5702,"163,198",2,False
CHE,IND,Thread/Yarn,5401,"160,685",6,False
CHE,MMR,Rice,1006,"156,715",130,False
CHE,IND,Thread/Yarn,5207,"143,438",8,False
CHE,IND,Thread/Yarn,5511,"109,239",10,False
CHE,BLR,Furniture,94,"106,694",26,False
CHE,ARG,Garments,62,"105,215",1,False
CHE,IDN,Nickel,7502,"103,914",6,False
CHE,CHN,Bricks,690220,"102,938",49,False
CHE,CHN,Squid,160554,"100,813",18,False
CHE,NPL,Carpets,5703,"95,883",1,False
CHE,CHN,Hair Products,670300,"89,798",0,False
CHE,IND,Bricks,681011,"75,543",34,False
CHE,CHN,Thread/Yarn,5406,"71,594",2,False
CHE,CHN,Thread/Yarn,5509,"65,485",18,False
CHE,CHN,Polysilicon,280461,"63,039",1,False
CHE,CHN,Aluminum,7603,"59,568",0,False
CHE,IND,Tea,210120,"54,329",4,False
CHE,IND,Carpets,5704,"50,554",1,False
CHE,ETH,Textiles (hand-woven),5209,"43,785",4,False
CHE,COD,Gold,7108,"38,199",7,False
CHE,ARG,Garments,61,"27,702",0,False
CHE,RUS,Timber,4403,"25,729",5,False
CHE,IND,Embellished Textiles,540792,"25,412",0,False
CHE,CHN,Caustic Soda,281512,"24,054",48,False
CHE,IND,Thread/Yarn,5402,"23,865",6,False
CHE,CHN,Bricks,6904,"17,146",13,False
CHE,CHN,Bricks,6901,"15,835",8,False
CHE,PAK,Carpets,5703,"14,688",0,False
CHE,PAK,Carpets,5705,"14,297",1,False
CHE,CHN,Nails,741510,"12,895",0,False
CHE,CHN,Coal,2701,"11,263",17,False
CHE,CHN,Cotton,5201,"10,197",0,False
CHE,CHN,Bricks,690290,"9,742",2,False
CHE,CHN,Bricks,681011,"8,637",5,False
CHE,CHN,Tomato Products,200290,"7,589",1,False
CHE,IND,Thread/Yarn,5403,"7,291",0,False
CHE,IND,Thread/Yarn,5508,"7,065",0,False
CHE,CHN,Tomato Products,210320,"6,827",6,False
CHE,CHN,Polyvinyl Chloride,390422,"6,503",2,False
CHE,CHN,Thread/Yarn,5403,"5,161",0,False
CHE,CHN,Polyvinyl Chloride,390410,"5,146",2,False
CHE,IND,Thread/Yarn,5509,"4,315",2,False
CHE,CHN,Caustic Soda,281511,"3,781",0,False
CHE,CHN,Thread/Yarn,5206,"3,531",0,False
CHE,AFG,Bricks,690220,"3,299",0,False
CHE,IND,Sugarcane,121293,"2,761",1,False
CHE,CHN,Thread/Yarn,5510,"2,607",2,False
CHE,IND,Embellished Textiles,580900,"1,705",0,False
CHE,ETH,Textiles (hand-woven),5208,"1,199",0,False
CHE,IND,Bricks,690220,"1,111",1,False
CHE,NPL,Carpets,5705,"1,057",0,False
CHE,BRA,Charcoal,4402,963,2,False
CHE,NPL,Carpets,5704,870,0,False
CHE,IND,Thread/Yarn,5204,817,0,False
CHE,IND,Thread/Yarn,5206,769,0,False
CHE,IND,Embellished Textiles,540791,564,0,False
CHE,IND,Thread/Yarn,5406,459,0,False
CHE,PAK,Sugarcane,121293,102,0,False
CHE,PAK,Cotton,5201,77,0,False
CHE,DOM,Sugarcane,121293,50,0,False
CHE,IND,Thread/Yarn,5510,49,0,False
CHE,CHN,Polyvinyl Chloride,390421,42,0,False
CHE,CIV,Cocoa,180200,24,0,False
CHE,IND,Bricks,6901,11,0,False
CHE,PAK,Carpets,5704,5,0,False
CYP,CHN,Electronics,85,"108,132,483","12,758",False
CYP,CHN,Garments,62,"7,149,532",361,False
CYP,CHN,Garments,61,"6,906,471",310,False
CYP,CHN,Toys,9503,"5,580,350",792,False
CYP,CHN,Footwear,64,"5,164,681",475,False
CYP,BGD,Garments,61,"4,712,489",323,False
CYP,IND,Rice,1006,"2,870,292","1,862",False
CYP,BGD,Garments,62,"2,127,454",113,False
CYP,CHN,Aluminum,7604,"2,071,196",539,False
CYP,IND,Garments,61,"1,806,848",69,False
CYP,CHN,Christmas Decorations,950510,"1,404,507",198,False
CYP,CHN,Toys,9504,"1,347,556",130,False
CYP,CHN,Aluminum,7606,"1,148,728",321,False
CYP,IND,Garments,62,"829,940",37,False
CYP,CHN,Artificial Flowers,6702,"640,453",87,False
CYP,VNM,Garments,62,"556,266",10,False
CYP,BLR,Furniture,94,"548,455",174,False
CYP,CHN,Hair Products,670420,"511,689",1,False
CYP,CHN,Fireworks,360410,"508,061",79,False
CYP,CHN,Tomato Products,210390,"495,738",235,False
CYP,CHN,Nails,7317,"400,338",406,False
CYP,MYS,Electronics,85,"380,028",5,False
CYP,CHN,Toys,950590,"340,090",68,False
CYP,VNM,Garments,61,"321,799",4,False
CYP,CHN,Tomato Products,200290,"305,796",213,False
CYP,IND,Tea,210690,"277,659",7,False
CYP,MYS,Rubber Gloves,401519,"229,841",62,False
CYP,THA,Garments,61,"179,627",8,False
CYP,IND,Carpets,5703,"170,028",45,False
CYP,CHN,Caustic Soda,281511,"152,104",221,False
CYP,THA,Garments,62,"150,176",9,False
CYP,IND,Bricks,690220,"119,270",106,False
CYP,CHN,Nails,761610,"115,419",13,False
CYP,BRA,Garments,62,"86,988",1,False
CYP,MMR,Garments,62,"66,920",4,False
CYP,IND,Bricks,690290,"47,052",75,False
CYP,IND,Carpets,5702,"42,556",5,False
CYP,IND,Carpets,5701,"41,592",1,False
CYP,PAK,Carpets,5703,"39,463",6,False
CYP,MMR,Rice,1006,"38,311",50,False
CYP,CHN,Thread/Yarn,5509,"37,135",5,False
CYP,CHN,Hair Products,670300,"35,089",1,False
CYP,NPL,Carpets,5701,"33,781",0,False
CYP,BRA,Garments,61,"32,431",1,False
CYP,CHN,Tomato Products,120991,"30,416",0,False
CYP,CHN,Thread/Yarn,5511,"25,985",5,False
CYP,CHN,Thread/Yarn,5401,"25,157",8,False
CYP,CHN,Gloves,420329,"24,426",5,False
CYP,IND,Carpets,5705,"21,709",2,False
CYP,CHN,Bricks,6904,"19,747",18,False
CYP,CHN,Bricks,690290,"19,134",2,False
CYP,CHN,Gloves,611691,"16,891",0,False
CYP,CHN,Thread/Yarn,5402,"15,590",6,False
CYP,PAK,Carpets,5701,"12,929",0,False
CYP,MUS,Garments,62,"11,756",0,False
CYP,CHN,Thread/Yarn,5508,"9,537",2,False
CYP,IND,Thread/Yarn,5401,"8,878",1,False
CYP,MYS,Garments,62,"8,308",0,False
CYP,PAK,Carpets,5705,"8,185",2,False
CYP,PAK,Carpets,5702,"7,011",1,False
CYP,IND,Thread/Yarn,5508,"6,933",1,False
CYP,CHN,Tomato Products,210320,"6,226",4,False
CYP,IND,Thread/Yarn,5511,"6,032",1,False
CYP,MMR,Garments,61,"5,484",0,False
CYP,MYS,Garments,61,"4,697",0,False
CYP,CHN,Bricks,681011,"3,861",2,False
CYP,CHN,Aluminum,7605,"3,643",1,False
CYP,CHN,Christmas Decorations,853922,"2,755",0,False
CYP,CHN,Metallurgical Grade Silicon,280469,"2,511",1,False
CYP,MUS,Garments,61,"2,351",0,False
CYP,IND,Tea,210120,"1,897",0,False
CYP,BRA,Charcoal,4402,"1,642",1,False
CYP,CHN,Thread/Yarn,5204,"1,170",0,False
CYP,ARG,Garments,61,678,0,False
CYP,CHN,Aluminum,7601,662,0,False
CYP,CHN,Bricks,6901,610,0,False
CYP,IND,Thread/Yarn,5204,523,0,False
CYP,IND,Embellished Textiles,540792,512,0,False
CYP,IND,Bricks,6901,456,0,False
CYP,BRA,Timber,4403,403,0,False
CYP,BLR,Lumber,4412,403,0,False
CYP,CHN,Thread/Yarn,5205,317,0,False
CYP,CHN,Bricks,690220,310,0,False
CYP,ARG,Garments,62,304,0,False
CYP,IND,Carpets,5704,252,0,False
CYP,CHN,Thread/Yarn,5207,185,0,False
CYP,MWI,Tobacco,2401,133,0,False
CYP,ETH,Textiles (hand-woven),5209,53,0,False
CYP,CHN,Thread/Yarn,5406,10,0,False
CYP,NPL,Carpets,5705,10,0,False
CYP,IND,Thread/Yarn,5205,10,0,False
CYP,IND,Thread/Yarn,5509,7,0,False
CZE,CHN,Electronics,85,"17,876,896,698","345,510",False
CZE,MYS,Electronics,85,"1,146,189,904","4,546",False
CZE,BGD,Garments,61,"565,109,981","31,245",False
CZE,CHN,Garments,62,"547,509,111","15,882",False
CZE,CHN,Garments,61,"519,988,934","20,043",False
CZE,CHN,Footwear,64,"422,313,171","18,731",False
CZE,BGD,Garments,62,"396,718,026","17,291",False
CZE,CHN,Toys,9503,"392,317,121","23,945",False
CZE,CHN,Toys,9504,"101,688,531","3,817",False
CZE,VNM,Garments,62,"95,687,589","2,094",False
CZE,VNM,Garments,61,"81,446,018","2,137",False
CZE,IND,Garments,61,"76,780,969","2,515",False
CZE,IND,Garments,62,"57,342,669","1,491",False
CZE,MMR,Garments,62,"39,433,696","2,241",False
CZE,MMR,Garments,61,"32,362,319","2,168",False
CZE,CHN,Thread/Yarn,5402,"27,865,430","8,214",False
CZE,MMR,Rice,1006,"16,753,748","21,075",False
CZE,CHN,Fireworks,360410,"15,822,289","5,324",False
CZE,CHN,Aluminum,7606,"14,136,433","4,443",False
CZE,CHN,Artificial Flowers,6702,"13,764,013","1,002",False
CZE,CHN,Aluminum,7604,"13,300,057","2,159",False
CZE,CHN,Christmas Decorations,950510,"12,559,868","1,045",False
CZE,MWI,Tobacco,2401,"11,725,445","1,415",False
CZE,CHN,Toys,950590,"7,500,829",566,False
CZE,THA,Garments,61,"7,097,872",160,False
CZE,IND,Thread/Yarn,5205,"5,135,338","1,079",False
CZE,CHN,Gloves,420329,"4,734,262",563,False
CZE,THA,Garments,62,"4,462,115",274,False
CZE,IND,Thread/Yarn,5402,"4,401,733","1,668",False
CZE,BLR,Furniture,94,"4,258,950","1,828",False
CZE,CHN,Nails,7317,"3,924,183","1,518",False
CZE,CHN,Tomato Products,200290,"3,795,478","2,647",False
CZE,MYS,Rubber Gloves,401519,"3,512,332",504,False
CZE,IND,Bricks,690220,"2,643,809",356,False
CZE,MYS,Garments,61,"2,603,727",77,False
CZE,IND,Carpets,5702,"2,517,665",455,False
CZE,CHN,Thread/Yarn,5509,"2,390,275",690,False
CZE,CHN,Tomato Products,210390,"1,461,004",479,False
CZE,CHN,Nails,761610,"1,352,523",141,False
CZE,MYS,Garments,62,"1,173,111",18,False
CZE,PAK,Carpets,5702,"1,130,905",22,False
CZE,IND,Carpets,5701,"1,108,904",25,False
CZE,IND,Carpets,5703,"1,048,260",200,False
CZE,IND,Carpets,5705,"1,015,768",139,False
CZE,IND,Rice,1006,"952,631","1,024",False
CZE,CHN,Hair Products,670420,"952,408",3,False
CZE,MUS,Garments,62,"918,961",19,False
CZE,CHN,Thread/Yarn,5205,"889,156",78,False
CZE,CHN,Metallurgical Grade Silicon,280469,"778,695",240,False
CZE,CHN,Thread/Yarn,5511,"765,554",66,False
CZE,CHN,Coal,2701,"752,109","1,360",False
CZE,CHN,Christmas Decorations,853922,"640,277",112,False
CZE,CHN,Hair Products,670300,"598,058",18,False
CZE,CHN,Bricks,690210,"587,527",501,False
CZE,PAK,Carpets,5701,"581,655",14,False
CZE,CHN,Thread/Yarn,5508,"449,670",616,False
CZE,CHN,Tomato Products,120991,"431,758",10,False
CZE,CHN,Bricks,690220,"395,556",466,False
CZE,IND,Thread/Yarn,5510,"374,503",87,False
CZE,CHN,Aluminum,7605,"362,983",55,False
CZE,MUS,Garments,61,"353,346",9,False
CZE,IND,Thread/Yarn,5511,"319,091",40,False
CZE,CHN,Thread/Yarn,5401,"314,556",39,False
CZE,CHN,Aluminum,7601,"255,485",69,False
CZE,IND,Tea,210690,"247,727",39,False
CZE,CHN,Thread/Yarn,5207,"213,570",17,False
CZE,CHN,Polyvinyl Chloride,390422,"211,285",15,False
CZE,CHN,Thread/Yarn,5406,"207,637",15,False
CZE,CHN,Gloves,611691,"200,686",2,False
CZE,IND,Thread/Yarn,5401,"188,482",10,False
CZE,CHN,Nails,741510,"176,859",2,False
CZE,IND,Thread/Yarn,5206,"157,496",34,False
CZE,IND,Tea,210120,"147,445",13,False
CZE,CHN,Thread/Yarn,5510,"111,373",23,False
CZE,BRA,Garments,61,"87,674",2,False
CZE,KAZ,Cotton,5201,"85,671",24,False
CZE,IND,Rice,100890,"82,384",26,False
CZE,NPL,Carpets,5701,"68,763",1,False
CZE,IND,Thread/Yarn,5509,"62,776",14,False
CZE,IND,Bricks,690210,"60,105",67,False
CZE,CHN,Caustic Soda,281511,"57,010",82,False
CZE,CHN,Thread/Yarn,5206,"54,796",10,False
CZE,BRA,Garments,62,"41,856",1,False
CZE,IND,Thread/Yarn,5207,"36,406",2,False
CZE,IND,Thread/Yarn,5508,"33,192",3,False
CZE,IND,Carpets,5704,"29,805",10,False
CZE,CHN,Aluminum,7603,"29,045",1,False
CZE,CHN,Bricks,690290,"28,139",10,False
CZE,CHN,Bricks,6904,"27,086",17,False
CZE,CHN,Polyvinyl Chloride,390410,"20,689",19,False
CZE,CHN,Thread/Yarn,5204,"18,653",1,False
CZE,CHN,Bricks,6901,"14,214",22,False
CZE,IND,Sandstone,251620,"13,631",69,False
CZE,CHN,Bricks,681011,"7,359",8,False
CZE,ARG,Garments,61,"7,068",0,False
CZE,CIV,Cocoa,180100,"6,486",0,False
CZE,CHN,Thread/Yarn,5403,"6,010",1,False
CZE,CHN,Tomato Products,210320,"5,806",1,False
CZE,ARG,Garments,62,"5,130",0,False
CZE,CHN,Polyvinyl Chloride,390421,"4,138",1,False
CZE,BEN,Cotton,5201,"1,853",1,False
CZE,IND,Bricks,690290,"1,761",2,False
CZE,BLR,Lumber,4411,"1,594",1,False
CZE,MMR,Rubies,710391,"1,249",0,False
CZE,CHN,Polysilicon,280461,931,0,False
CZE,IND,Embellished Textiles,540792,874,0,False
CZE,SLE,Diamonds,7102,727,0,False
CZE,PAK,Carpets,5703,698,0,False
CZE,IND,Thread/Yarn,5204,631,0,False
CZE,CHN,Squid,160554,625,1,False
CZE,NPL,Carpets,5703,464,0,False
CZE,PAK,Carpets,5705,282,0,False
CZE,IND,Embellished Textiles,580900,170,0,False
CZE,PAK,Cotton,5201,108,0,False
CZE,PAK,Wheat,1001,101,0,False
CZE,BRA,Charcoal,4402,39,0,False
CZE,CHN,Cotton,5201,18,0,False
CZE,IND,Thread/Yarn,5406,15,0,False
DEU,CHN,Electronics,85,"54,129,618,788","1,908,008",False
DEU,MYS,Electronics,85,"4,990,348,508","32,614",False
DEU,BGD,Garments,61,"4,685,504,159","267,103",False
DEU,CHN,Garments,61,"3,897,911,386","171,603",False
DEU,CHN,Garments,62,"3,511,299,124","126,035",False
DEU,BGD,Garments,62,"3,279,143,556","144,286",False
DEU,CHN,Footwear,64,"2,692,887,227","143,339",False
DEU,CHN,Toys,9503,"1,605,586,351","136,563",False
DEU,VNM,Garments,62,"1,176,633,863","25,316",False
DEU,CHN,Toys,9504,"1,027,304,068","32,189",False
DEU,VNM,Garments,61,"833,573,214","20,482",False
DEU,IND,Garments,62,"690,349,270","12,933",False
DEU,IND,Garments,61,"645,830,248","24,540",False
DEU,CIV,Cocoa,180100,"396,892,901","93,110",False
DEU,MMR,Garments,62,"368,593,927","16,473",False
DEU,MMR,Garments,61,"291,405,605","19,610",False
DEU,CHN,Fireworks,360410,"163,403,889","48,583",False
DEU,CHN,Artificial Flowers,6702,"145,313,766","17,268",False
DEU,CHN,Christmas Decorations,950510,"137,187,236","18,007",False
DEU,THA,Garments,61,"100,314,550","2,670",False
DEU,NGA,Cocoa,180100,"87,268,430","10,684",False
DEU,CHN,Aluminum,7606,"85,420,730","21,911",False
DEU,CHN,Toys,950590,"83,319,653","8,967",False
DEU,CHN,Thread/Yarn,5402,"76,546,172","34,801",False
DEU,IND,Carpets,5702,"61,422,054","5,696",False
DEU,MYS,Rubber Gloves,401519,"60,377,661","6,407",False
DEU,MWI,Tobacco,2401,"47,834,420","7,985",False
DEU,IND,Thread/Yarn,5205,"42,652,733","7,977",False
DEU,IND,Rice,1006,"35,592,520","30,505",False
DEU,CHN,Aluminum,7604,"35,189,811","7,139",False
DEU,CHN,Nails,7317,"30,923,331","18,336",False
DEU,BLR,Furniture,94,"30,224,951","11,468",False
DEU,CHN,Hair Products,670420,"29,784,608",94,False
DEU,IND,Carpets,5703,"29,772,666","6,227",False
DEU,CHN,Thread/Yarn,5401,"26,957,532",831,False
DEU,THA,Garments,62,"25,708,086",447,False
DEU,CHN,Tomato Products,210390,"21,024,918","5,079",False
DEU,CHN,Gloves,420329,"20,801,890",681,False
DEU,CHN,Nails,761610,"16,545,838",668,False
DEU,MYS,Garments,61,"15,553,923",756,False
DEU,IND,Carpets,5705,"15,020,020","2,234",False
DEU,CHN,Thread/Yarn,5205,"14,057,292","1,427",False
DEU,CHN,Tomato Products,200290,"12,976,208","10,777",False
DEU,CHN,Bricks,690220,"12,827,350","7,077",False
DEU,CHN,Thread/Yarn,5511,"12,363,377","1,275",False
DEU,IND,Carpets,5701,"12,149,083",455,False
DEU,CHN,Hair Products,670300,"11,493,855",22,False
DEU,IND,Bricks,690220,"10,246,495","1,797",False
DEU,IND,Thread/Yarn,5402,"9,831,739","4,398",False
DEU,IND,Tea,210690,"9,701,986","1,425",False
DEU,CHN,Bricks,690210,"8,505,220","8,943",False
DEU,CHN,Coal,2701,"8,483,995","14,644",False
DEU,MUS,Garments,61,"7,382,410",264,False
DEU,CHN,Thread/Yarn,5406,"7,244,274",467,False
DEU,CHN,Aluminum,7601,"7,134,757","2,216",False
DEU,IND,Thread/Yarn,5509,"6,456,631","1,912",False
DEU,NPL,Carpets,5701,"5,532,631",109,False
DEU,CHN,Aluminum,7603,"5,214,860","1,182",False
DEU,MYS,Garments,62,"4,888,915",105,False
DEU,CHN,Thread/Yarn,5508,"4,692,638",669,False
DEU,PAK,Carpets,5701,"4,397,314",173,False
DEU,IDN,Nickel,7502,"3,946,346",128,False
DEU,MUS,Garments,62,"3,799,618",120,False
DEU,CHN,Thread/Yarn,5207,"3,476,108",448,False
DEU,CHN,Aluminum,7605,"3,379,843",565,False
DEU,CIV,Cocoa,180200,"3,304,886",861,False
DEU,IND,Rice,100890,"3,114,528","1,708",False
DEU,CHN,Bricks,690290,"2,644,370",856,False
DEU,CHN,Thread/Yarn,5509,"2,641,096",400,False
DEU,CHN,Metallurgical Grade Silicon,280469,"2,186,296",660,False
DEU,CHN,Squid,160554,"2,122,022",155,False
DEU,CHN,Christmas Decorations,853922,"1,991,497",111,False
DEU,PAK,Carpets,5702,"1,987,642",234,False
DEU,KAZ,Cotton,5201,"1,899,118",979,False
DEU,CHN,Gloves,611691,"1,843,782",24,False
DEU,PAK,Cotton,5201,"1,841,761",798,False
DEU,CHN,Thread/Yarn,5403,"1,656,623",164,False
DEU,IND,Thread/Yarn,5511,"1,534,657",256,False
DEU,BRA,Timber,4403,"1,527,812","1,653",False
DEU,CHN,Tomato Products,120991,"1,504,449",68,False
DEU,MMR,Rubies,710391,"1,372,979",0,False
DEU,IND,Sandstone,251620,"1,286,775","5,597",False
DEU,IND,Bricks,690210,"1,249,878",839,False
DEU,BEN,Cotton,5201,"980,027",490,False
DEU,MMR,Rice,1006,"874,479","2,851",False
DEU,CHN,Polysilicon,280461,"817,931",47,False
DEU,CHN,Caustic Soda,281512,"780,313","1,877",False
DEU,IND,Thread/Yarn,5401,"729,213",101,False
DEU,IND,Thread/Yarn,5206,"727,265",249,False
DEU,CHN,Thread/Yarn,5204,"670,949",65,False
DEU,IDN,Nickel,260400,"663,023",162,False
DEU,CHN,Thread/Yarn,5206,"632,071",58,False
DEU,BRA,Garments,62,"627,900",5,False
DEU,CHN,Thread/Yarn,5510,"597,486",50,False
DEU,BRA,Garments,61,"534,991",6,False
DEU,CHN,Polyvinyl Chloride,390410,"522,386",475,False
DEU,CHN,Nails,741510,"505,267",173,False
DEU,IND,Tea,210120,"471,520",30,False
DEU,BFA,Cotton,5201,"459,756",246,False
DEU,PAK,Carpets,5705,"404,147",75,False
DEU,IND,Embellished Textiles,540792,"369,217",19,False
DEU,IND,Thread/Yarn,5510,"349,207",80,False
DEU,IND,Thread/Yarn,5207,"258,487",24,False
DEU,PER,Gold,7108,"228,665",75,False
DEU,CHN,Bricks,6904,"212,487",365,False
DEU,NPL,Carpets,5704,"187,265",11,False
DEU,CHN,Caustic Soda,281511,"178,517",264,False
DEU,PAK,Carpets,5703,"168,027",19,False
DEU,CHN,Bricks,6901,"157,362",83,False
DEU,IND,Bricks,690290,"134,530",166,False
DEU,NPL,Carpets,5702,"127,922",1,False
DEU,CHN,Polyvinyl Chloride,390421,"99,679",21,False
DEU,CHN,Polyvinyl Chloride,390422,"99,197",35,False
DEU,IND,Thread/Yarn,5403,"81,497",16,False
DEU,AGO,Diamonds,7102,"81,426",0,False
DEU,NPL,Carpets,5703,"70,126",2,False
DEU,IND,Carpets,5704,"68,449",29,False
DEU,IND,Thread/Yarn,5204,"60,600",5,False
DEU,IDN,Nickel,720260,"54,081",27,False
DEU,BOL,Peanuts,1202,"51,651",19,False
DEU,CHN,Tomato Products,210320,"50,036",38,False
DEU,ARG,Garments,61,"43,343",1,False
DEU,ARG,Garments,62,"34,698",0,False
DEU,BRA,Sugarcane,121293,"30,999",5,False
DEU,IND,Thread/Yarn,5508,"18,936",1,False
DEU,BLR,Lumber,4412,"16,636",21,False
DEU,PAK,Sugarcane,121293,"13,219",5,False
DEU,CHN,Tomato Products,200950,"10,679",10,False
DEU,NPL,Carpets,5705,"8,352",2,False
DEU,IND,Embellished Textiles,580900,"6,424",0,False
DEU,IND,Sugarcane,121293,"5,534",3,False
DEU,IND,Bricks,681011,"3,645",2,False
DEU,PER,Timber,4403,"3,319",0,False
DEU,CHN,Bricks,681011,"2,572",8,False
DEU,MMR,Jade,710399,"2,380",0,False
DEU,AFG,Bricks,6901,"1,763",1,False
DEU,MYS,Palm Fruit,120710,"1,680",0,False
DEU,CHN,Cotton,5201,"1,089",0,False
DEU,BRA,Charcoal,4402,570,1,False
DEU,IND,Bricks,6901,506,4,False
DEU,DOM,Sugarcane,121293,429,0,False
DEU,IDN,Palm Fruit,120710,330,0,False
DEU,IND,Cottonseed (hybrid),120729,61,0,False
DEU,IND,Embellished Textiles,540791,36,0,False
DEU,IND,Cottonseed (hybrid),120721,13,0,False
DEU,ETH,Textiles (hand-woven),5208,2,0,False
DEU,PAK,Wheat,1001,1,0,False
DNK,CHN,Electronics,85,"1,541,085,154","153,654",False
DNK,CHN,Garments,62,"726,906,929","25,740",False
DNK,BGD,Garments,61,"711,275,766","42,054",False
DNK,CHN,Garments,61,"647,794,089","28,349",False
DNK,BGD,Garments,62,"403,762,469","21,592",False
DNK,CHN,Footwear,64,"187,548,151","10,328",False
DNK,IND,Garments,62,"176,988,252","4,347",False
DNK,CHN,Toys,9503,"170,402,745","12,461",False
DNK,MMR,Garments,62,"107,070,613","5,661",False
DNK,IND,Garments,61,"78,692,508","3,155",False
DNK,VNM,Garments,62,"64,911,408","1,482",False
DNK,MYS,Electronics,85,"58,983,738",556,False
DNK,CHN,Toys,9504,"35,317,574","3,114",False
DNK,THA,Garments,62,"23,084,249",222,False
DNK,MMR,Garments,61,"22,435,446","1,011",False
DNK,CHN,Christmas Decorations,950510,"18,014,799","1,769",False
DNK,CHN,Fireworks,360410,"17,831,471","4,111",False
DNK,CHN,Thread/Yarn,5402,"17,470,761","8,220",False
DNK,IND,Carpets,5702,"12,132,414","1,855",False
DNK,VNM,Garments,61,"11,817,834",310,False
DNK,CHN,Artificial Flowers,6702,"11,042,626","1,270",False
DNK,CHN,Toys,950590,"10,326,290","1,049",False
DNK,MWI,Tobacco,2401,"10,294,408","1,395",False
DNK,IND,Thread/Yarn,5207,"7,024,124",679,False
DNK,CHN,Aluminum,7604,"6,469,934","1,359",False
DNK,IND,Carpets,5703,"5,901,818",986,False
DNK,CHN,Nails,7317,"5,732,597","3,131",False
DNK,THA,Garments,61,"4,381,051",128,False
DNK,IND,Carpets,5705,"3,246,973",598,False
DNK,CHN,Aluminum,7606,"2,890,806",942,False
DNK,MYS,Rubber Gloves,401519,"2,751,935",470,False
DNK,CHN,Hair Products,670420,"2,703,119",10,False
DNK,CHN,Gloves,420329,"2,349,627",86,False
DNK,IND,Rice,1006,"1,749,043","1,268",False
DNK,IND,Thread/Yarn,5205,"1,714,738",415,False
DNK,IND,Sandstone,251620,"1,371,302","3,725",False
DNK,CHN,Thread/Yarn,5207,"1,223,192",92,False
DNK,IND,Carpets,5701,"1,203,591",99,False
DNK,CHN,Tomato Products,210390,"1,143,705",400,False
DNK,IND,Thread/Yarn,5402,"1,128,642",677,False
DNK,PAK,Carpets,5702,"1,010,939",153,False
DNK,CHN,Thread/Yarn,5511,"713,456",62,False
DNK,MMR,Rice,1006,"704,586",846,False
DNK,CHN,Gloves,611691,"625,989",14,False
DNK,IND,Tea,210690,"596,263",126,False
DNK,CHN,Nails,761610,"553,610",29,False
DNK,PER,Gold,7108,"490,166",0,False
DNK,IND,Thread/Yarn,5509,"449,282",81,False
DNK,IND,Thread/Yarn,5511,"318,727",32,False
DNK,CHN,Hair Products,670300,"287,410",2,False
DNK,CHN,Thread/Yarn,5509,"262,590",24,False
DNK,MYS,Garments,61,"235,158",45,False
DNK,BLR,Furniture,94,"225,600",12,False
DNK,CHN,Bricks,690220,"185,192",94,False
DNK,IND,Thread/Yarn,5406,"183,288",23,False
DNK,PAK,Carpets,5701,"163,990",7,False
DNK,CHN,Christmas Decorations,853922,"147,437",7,False
DNK,CHN,Tomato Products,120991,"143,397",28,False
DNK,CHN,Bricks,690210,"124,774",18,False
DNK,CHN,Thread/Yarn,5204,"124,142",13,False
DNK,CHN,Tomato Products,200290,"109,535",92,False
DNK,CHN,Bricks,6904,"107,932",96,False
DNK,CHN,Thread/Yarn,5406,"88,640",9,False
DNK,CHN,Thread/Yarn,5508,"85,354",10,False
DNK,CHN,Cotton,5201,"84,961",5,False
DNK,MUS,Garments,61,"76,231",0,False
DNK,CHN,Thread/Yarn,5401,"72,841",5,False
DNK,CHN,Polysilicon,280461,"68,526",2,False
DNK,IND,Thread/Yarn,5510,"67,283",21,False
DNK,BRA,Garments,62,"58,485",1,False
DNK,IND,Thread/Yarn,5206,"57,076",10,False
DNK,CHN,Thread/Yarn,5206,"53,915",6,False
DNK,IND,Thread/Yarn,5508,"49,555",3,False
DNK,CHN,Polyvinyl Chloride,390422,"45,452",5,False
DNK,IND,Bricks,690220,"42,744",76,False
DNK,NPL,Carpets,5701,"31,725",1,False
DNK,CHN,Thread/Yarn,5205,"31,708",2,False
DNK,MYS,Garments,62,"30,955",1,False
DNK,PAK,Carpets,5703,"30,868",4,False
DNK,MUS,Garments,62,"28,872",0,False
DNK,CHN,Aluminum,7601,"25,096",1,False
DNK,NPL,Carpets,5703,"24,869",1,False
DNK,CHN,Nails,741510,"23,207",1,False
DNK,IND,Embellished Textiles,540792,"22,129",2,False
DNK,CHN,Squid,160554,"21,149",4,False
DNK,CHN,Thread/Yarn,5510,"18,049",1,False
DNK,CHN,Polyvinyl Chloride,390410,"17,572",7,False
DNK,PAK,Carpets,5705,"17,253",2,False
DNK,CHN,Aluminum,7605,"16,569",4,False
DNK,IND,Bricks,690290,"16,289",50,False
DNK,BRA,Garments,61,"11,108",1,False
DNK,ETH,Textiles (hand-woven),5209,"9,681",1,False
DNK,IND,Carpets,5704,"9,475",2,False
DNK,CHN,Polyvinyl Chloride,390421,"8,599",1,False
DNK,CHN,Tomato Products,210320,"8,478",1,False
DNK,CHN,Bricks,6901,"7,115",1,False
DNK,IND,Embellished Textiles,580900,"4,311",0,False
DNK,CHN,Bricks,690290,"3,794",2,False
DNK,CHN,Bricks,681011,"2,489",0,False
DNK,ARG,Garments,61,"2,226",0,False
DNK,IND,Thread/Yarn,5204,"2,006",6,False
DNK,CHN,Aluminum,7603,"1,444",0,False
DNK,CHN,Thread/Yarn,5403,"1,437",0,False
DNK,BRA,Charcoal,4402,"1,205",1,False
DNK,IND,Tea,210120,812,0,False
DNK,ARG,Garments,62,722,0,False
DNK,PAK,Cotton,5201,679,0,False
DNK,IND,Rice,100890,630,0,False
DNK,IND,Thread/Yarn,5403,524,0,False
DNK,CHN,Metallurgical Grade Silicon,280469,232,0,False
DNK,NPL,Carpets,5702,134,0,False
DNK,MMR,Sugarcane,121293,92,0,False
DNK,IND,Thread/Yarn,5401,76,0,False
DNK,IND,Bricks,6901,69,0,False
DNK,IND,Bricks,690210,55,0,False
DNK,CHN,Caustic Soda,281512,51,0,False
DNK,BLR,Lumber,4707,5,0,False
DNK,IND,Bricks,6904,4,0,False
DNK,CHN,Caustic Soda,281511,4,0,False
DNK,ETH,Textiles (hand-woven),5208,3,0,False
ESP,CHN,Electronics,85,"10,398,248,777","1,093,971",False
ESP,CHN,Garments,61,"2,133,501,914","107,340",False
ESP,BGD,Garments,61,"2,060,612,508","143,835",False
ESP,CHN,Garments,62,"1,611,982,572","64,268",False
ESP,BGD,Garments,62,"1,568,119,226","93,010",False
ESP,CHN,Footwear,64,"1,452,780,151","96,294",False
ESP,CHN,Toys,9503,"554,523,308","54,379",False
ESP,VNM,Garments,62,"490,202,979","16,241",False
ESP,CHN,Toys,9504,"461,649,890","13,728",False
ESP,IND,Garments,62,"429,309,984","12,140",False
ESP,VNM,Garments,61,"329,896,207","10,329",False
ESP,MYS,Electronics,85,"328,044,956","6,744",False
ESP,IND,Garments,61,"298,150,852","12,340",False
ESP,CIV,Cocoa,180200,"193,598,567","61,379",False
ESP,CIV,Cocoa,180100,"157,357,671","38,425",False
ESP,MMR,Garments,62,"134,340,235","7,464",False
ESP,CHN,Thread/Yarn,5402,"77,141,450","46,216",False
ESP,MMR,Garments,61,"73,195,992","4,055",False
ESP,NGA,Cocoa,180100,"70,926,598","11,533",False
ESP,THA,Garments,61,"65,361,475",788,False
ESP,MMR,Rice,1006,"62,308,325","111,035",False
ESP,CHN,Artificial Flowers,6702,"60,791,704","8,003",False
ESP,CHN,Christmas Decorations,950510,"54,645,522","7,791",False
ESP,CHN,Toys,950590,"36,959,344","4,783",False
ESP,CHN,Tomato Products,200290,"30,354,859","20,164",False
ESP,CHN,Aluminum,7606,"27,079,895","9,695",False
ESP,CHN,Coal,2701,"23,773,119","85,811",False
ESP,MYS,Rubber Gloves,401519,"20,729,811","4,077",False
ESP,IND,Thread/Yarn,5402,"20,064,409","12,147",False
ESP,CHN,Nails,7317,"17,515,101","12,154",False
ESP,IND,Rice,1006,"17,021,228","14,423",False
ESP,IND,Carpets,5702,"14,988,812","1,612",False
ESP,CHN,Aluminum,7604,"12,073,580","3,364",False
ESP,CHN,Fireworks,360410,"11,601,384","2,230",False
ESP,PER,Gold,7108,"10,984,900","3,114",False
ESP,CHN,Metallurgical Grade Silicon,280469,"10,212,382","6,195",False
ESP,THA,Garments,62,"9,352,045",222,False
ESP,IND,Thread/Yarn,5205,"9,083,039","2,586",False
ESP,CHN,Tomato Products,120991,"7,471,394",128,False
ESP,IND,Bricks,690220,"7,405,287","2,260",False
ESP,IDN,Nickel,7501,"6,977,420",480,False
ESP,IND,Carpets,5703,"6,837,722","1,785",False
ESP,IND,Carpets,5705,"6,766,951","1,917",False
ESP,CHN,Tomato Products,210390,"5,011,821","2,090",False
ESP,IND,Thread/Yarn,5509,"4,688,955","1,585",False
ESP,IDN,Nickel,7502,"4,175,938",263,False
ESP,CHN,Bricks,690220,"4,152,205","2,863",False
ESP,CHN,Nails,761610,"3,708,654",234,False
ESP,MYS,Garments,61,"2,991,249",107,False
ESP,CHN,Hair Products,670420,"2,937,155",9,False
ESP,CHN,Gloves,420329,"2,872,100",130,False
ESP,CHN,Bricks,690210,"2,533,933","1,562",False
ESP,PAK,Cotton,5201,"2,325,689",815,False
ESP,CHN,Thread/Yarn,5509,"2,325,593",743,False
ESP,CHN,Thread/Yarn,5403,"2,174,826",321,False
ESP,IND,Thread/Yarn,5403,"2,154,079",340,False
ESP,CHN,Thread/Yarn,5508,"2,069,182",257,False
ESP,IND,Thread/Yarn,5510,"1,893,231",553,False
ESP,CHN,Aluminum,7605,"1,628,786",365,False
ESP,MYS,Garments,62,"1,529,313",35,False
ESP,IND,Carpets,5701,"1,446,200",60,False
ESP,IND,Thread/Yarn,5206,"1,408,248",516,False
ESP,PAK,Carpets,5702,"1,407,611",166,False
ESP,CHN,Bricks,690290,"1,375,787","1,159",False
ESP,CHN,Thread/Yarn,5401,"1,258,935",292,False
ESP,MUS,Garments,62,"1,229,621",57,False
ESP,CHN,Polyvinyl Chloride,390410,"1,198,464","1,484",False
ESP,CHN,Thread/Yarn,5511,"945,016",129,False
ESP,BRA,Garments,62,"861,450",18,False
ESP,IND,Tea,210690,"846,411",61,False
ESP,CHN,Aluminum,7601,"807,977",212,False
ESP,BRA,Garments,61,"763,565",27,False
ESP,CHN,Gloves,611691,"734,615",11,False
ESP,CHN,Thread/Yarn,5510,"698,697",174,False
ESP,CHN,Caustic Soda,281511,"641,074",937,False
ESP,IND,Embellished Textiles,540792,"636,203",34,False
ESP,CHN,Christmas Decorations,853922,"629,589",43,False
ESP,CHN,Thread/Yarn,5206,"598,857",404,False
ESP,ETH,Textiles (hand-woven),5209,"520,498",160,False
ESP,CHN,Thread/Yarn,5207,"488,300",59,False
ESP,CHN,Thread/Yarn,5205,"449,660",130,False
ESP,IND,Sandstone,251620,"442,596","1,640",False
ESP,MUS,Garments,61,"439,500",15,False
ESP,IND,Bricks,690210,"429,809",448,False
ESP,BOL,Corn,100590,"399,372",186,False
ESP,CHN,Hair Products,670300,"399,187",2,False
ESP,PAK,Carpets,5701,"335,257",16,False
ESP,CHN,Thread/Yarn,5204,"318,400",56,False
ESP,IND,Thread/Yarn,5204,"297,398",27,False
ESP,IND,Rice,100890,"292,706",160,False
ESP,CHN,Thread/Yarn,5406,"292,165",46,False
ESP,IND,Bricks,690290,"264,988",683,False
ESP,NPL,Carpets,5701,"235,629",4,False
ESP,ARG,Garments,61,"226,156",8,False
ESP,BLR,Furniture,94,"214,142",123,False
ESP,MWI,Tobacco,2401,"206,444",32,False
ESP,CHN,Nails,741510,"187,230",22,False
ESP,CHN,Bricks,6904,"163,951",232,False
ESP,CHN,Tomato Products,210320,"100,540",68,False
ESP,IND,Carpets,5704,"97,202",21,False
ESP,CHN,Squid,160554,"87,479",15,False
ESP,PAK,Carpets,5705,"83,539",18,False
ESP,CHN,Polyvinyl Chloride,390421,"80,430",34,False
ESP,ARG,Garments,62,"63,472",25,False
ESP,CHN,Polyvinyl Chloride,390422,"61,045",24,False
ESP,IND,Embellished Textiles,540791,"55,850",17,False
ESP,IND,Thread/Yarn,5207,"37,546",0,False
ESP,IND,Embellished Textiles,580900,"37,419",0,False
ESP,NPL,Carpets,5702,"29,852",0,False
ESP,CHN,Bricks,681011,"24,457",41,False
ESP,IND,Thread/Yarn,5401,"21,483",1,False
ESP,PAK,Carpets,5703,"16,353",1,False
ESP,CHN,Bricks,6901,"15,830",10,False
ESP,BRA,Timber,4403,"11,341",44,False
ESP,PER,Timber,4403,"6,701",28,False
ESP,CHN,Cotton,5201,"5,395",0,False
ESP,NPL,Carpets,5705,"5,111",0,False
ESP,IND,Thread/Yarn,5406,"3,094",0,False
ESP,IND,Bricks,681011,"2,669",2,False
ESP,IND,Thread/Yarn,5508,"2,496",0,False
ESP,IND,Tea,210120,"2,434",0,False
ESP,IND,Thread/Yarn,5511,"1,717",0,False
ESP,NPL,Carpets,5703,"1,627",0,False
ESP,DOM,Sugarcane,121293,956,0,False
ESP,CHN,Aluminum,7603,954,0,False
ESP,IND,Bricks,6901,843,0,False
ESP,SLE,Diamonds,7102,471,0,False
ESP,CHN,Polysilicon,280461,408,0,False
ESP,IND,Bricks,6904,374,0,False
ESP,PER,Gold,711590,259,0,False
ESP,BRA,Charcoal,4402,251,0,False
ESP,MMR,"Beans (green, soy, yellow)",1201,136,0,False
ESP,PAK,Bricks,6901,113,0,False
EST,CHN,Electronics,85,"767,737,908","36,561",False
EST,CIV,Cocoa,180100,"60,741,183","16,670",False
EST,CHN,Garments,62,"45,483,360","1,759",False
EST,CHN,Footwear,64,"43,901,590","1,509",False
EST,CHN,Garments,61,"42,117,617","1,648",False
EST,CHN,Toys,9503,"38,932,636","2,038",False
EST,BGD,Garments,61,"31,490,837","1,588",False
EST,MYS,Electronics,85,"30,378,853",216,False
EST,BGD,Garments,62,"16,977,067",699,False
EST,NGA,Cocoa,180100,"14,164,785","2,492",False
EST,CHN,Toys,9504,"12,237,370",240,False
EST,VNM,Garments,62,"6,455,817",84,False
EST,MMR,Garments,62,"6,092,318",260,False
EST,IND,Garments,61,"4,617,894",170,False
EST,VNM,Garments,61,"4,376,420",66,False
EST,MMR,Garments,61,"4,234,052",265,False
EST,CIV,Cocoa,180200,"4,001,065","3,034",False
EST,CHN,Christmas Decorations,950510,"3,224,408",228,False
EST,BLR,Furniture,94,"2,684,033","1,229",False
EST,PAK,Cotton,5201,"1,985,028",850,False
EST,CHN,Squid,160554,"1,954,039",171,False
EST,IND,Garments,62,"1,920,550",298,False
EST,CHN,Artificial Flowers,6702,"1,399,940",134,False
EST,CHN,Aluminum,7606,"1,356,547",376,False
EST,CHN,Nails,7317,"1,113,271",445,False
EST,CHN,Fireworks,360410,"932,706",255,False
EST,BLR,Lumber,4703,"878,560","1,321",False
EST,MYS,Rubber Gloves,401519,"819,402",78,False
EST,CHN,Toys,950590,"818,895",46,False
EST,CHN,Thread/Yarn,5401,"716,780",50,False
EST,CHN,Thread/Yarn,5402,"646,432",426,False
EST,THA,Garments,61,"474,839",8,False
EST,IND,Thread/Yarn,5402,"467,149",230,False
EST,CHN,Gloves,420329,"403,108",24,False
EST,IND,Carpets,5702,"400,215",53,False
EST,CHN,Nails,761610,"391,595",30,False
EST,CHN,Aluminum,7604,"379,784",52,False
EST,CHN,Tomato Products,200290,"376,309",305,False
EST,MMR,Rice,1006,"361,173",535,False
EST,MYS,Garments,61,"326,585",6,False
EST,IND,Carpets,5705,"302,473",62,False
EST,IND,Rice,1006,"251,513",211,False
EST,THA,Garments,62,"247,859",5,False
EST,CHN,Tomato Products,210390,"217,401",52,False
EST,CHN,Thread/Yarn,5509,"208,474",117,False
EST,CHN,Aluminum,7603,"159,428",23,False
EST,CHN,Hair Products,670420,"149,948",0,False
EST,IND,Carpets,5703,"148,062",26,False
EST,IND,Tea,210690,"115,507",6,False
EST,CHN,Metallurgical Grade Silicon,280469,"109,170",50,False
EST,MUS,Garments,62,"108,052",2,False
EST,IND,Carpets,5701,"93,596",2,False
EST,IND,Thread/Yarn,5401,"93,278",5,False
EST,CHN,Caustic Soda,281511,"88,101",132,False
EST,BLR,Lumber,4412,"85,348",59,False
EST,MYS,Garments,62,"84,161",1,False
EST,IND,Thread/Yarn,5205,"63,760",15,False
EST,CHN,Thread/Yarn,5508,"57,542",4,False
EST,CHN,Gloves,611691,"54,130",0,False
EST,CHN,Christmas Decorations,853922,"47,509",1,False
EST,PER,Gold,7108,"44,081",8,False
EST,NPL,Carpets,5701,"36,588",0,False
EST,IND,Thread/Yarn,5511,"23,536",3,False
EST,BRA,Garments,62,"21,840",0,False
EST,CHN,Bricks,6904,"18,029",51,False
EST,CHN,Tomato Products,120991,"16,177",2,False
EST,BRA,Garments,61,"14,804",0,False
EST,CHN,Nails,741510,"14,298",0,False
EST,CHN,Thread/Yarn,5511,"11,724",2,False
EST,CHN,Tomato Products,210320,"10,611",8,False
EST,MUS,Garments,61,"9,509",0,False
EST,IND,Carpets,5704,"9,008",1,False
EST,CHN,Aluminum,7601,"8,904",0,False
EST,CHN,Bricks,690290,"5,687",2,False
EST,CHN,Thread/Yarn,5403,"4,541",0,False
EST,CHN,Thread/Yarn,5406,"3,897",0,False
EST,IND,Embellished Textiles,540792,"3,305",1,False
EST,IND,Thread/Yarn,5204,"3,265",0,False
EST,IND,Rice,100890,"3,158",1,False
EST,PAK,Carpets,5702,"2,415",1,False
EST,PAK,Carpets,5701,"2,281",0,False
EST,CHN,Thread/Yarn,5204,"2,206",0,False
EST,CHN,Thread/Yarn,5207,"2,105",0,False
EST,ARG,Garments,62,"1,793",0,False
EST,IND,Thread/Yarn,5510,"1,388",0,False
EST,CHN,Aluminum,7605,"1,058",0,False
EST,PAK,Carpets,5703,"1,029",0,False
EST,IND,Cottonseed (hybrid),120729,812,0,False
EST,CHN,Bricks,690220,770,1,False
EST,BLR,Lumber,4410,680,2,False
EST,CHN,Hair Products,670300,649,0,False
EST,IND,Thread/Yarn,5508,443,0,False
EST,IND,Tea,210120,291,0,False
EST,IND,Thread/Yarn,5207,210,0,False
EST,IND,Thread/Yarn,5509,206,0,False
EST,CHN,Thread/Yarn,5206,172,0,False
EST,CHN,Cotton,5201,84,0,False
EST,CHN,Bricks,6901,70,0,False
EST,BLR,Lumber,4411,42,0,False
EST,BLR,Lumber,4409,29,0,False
EST,PAK,Carpets,5705,23,0,False
EST,CHN,Polyvinyl Chloride,390422,22,0,False
EST,CHN,Polyvinyl Chloride,390421,2,0,False
FIN,CHN,Electronics,85,"2,952,156,846","120,308",False
FIN,CHN,Garments,62,"209,422,285","6,024",False
FIN,CHN,Garments,61,"184,338,760","6,717",False
FIN,BGD,Garments,61,"120,623,877","5,844",False
FIN,MYS,Electronics,85,"113,363,744",674,False
FIN,CHN,Footwear,64,"100,990,986","4,601",False
FIN,BGD,Garments,62,"72,485,248","2,976",False
FIN,CHN,Toys,9504,"56,719,744","1,854",False
FIN,CHN,Toys,9503,"55,958,577","3,402",False
FIN,VNM,Garments,62,"34,524,146",632,False
FIN,IND,Garments,62,"24,485,360",516,False
FIN,IND,Garments,61,"19,902,342",851,False
FIN,VNM,Garments,61,"17,590,862",366,False
FIN,CHN,Coal,2701,"11,377,215","58,427",False
FIN,CHN,Gloves,420329,"10,730,385",314,False
FIN,MMR,Garments,62,"10,607,948",489,False
FIN,MMR,Garments,61,"9,699,245",662,False
FIN,CHN,Christmas Decorations,950510,"9,387,747","1,305",False
FIN,CHN,Aluminum,7606,"6,979,175","2,093",False
FIN,CHN,Nails,7317,"5,310,257","2,901",False
FIN,IND,Carpets,5702,"4,537,563",889,False
FIN,CHN,Artificial Flowers,6702,"4,130,588",386,False
FIN,CHN,Fireworks,360410,"3,825,804","1,027",False
FIN,MYS,Rubber Gloves,401519,"3,378,232",369,False
FIN,CHN,Toys,950590,"2,940,422",211,False
FIN,CHN,Thread/Yarn,5402,"2,866,214",879,False
FIN,CHN,Bricks,690210,"2,173,056","2,619",False
FIN,IND,Rice,1006,"2,116,138","1,554",False
FIN,THA,Garments,61,"2,022,901",36,False
FIN,IND,Carpets,5705,"1,815,895",342,False
FIN,CHN,Tomato Products,210390,"1,704,057",452,False
FIN,IND,Carpets,5703,"1,696,215",251,False
FIN,THA,Garments,62,"1,625,118",9,False
FIN,CHN,Hair Products,670420,"1,369,417",3,False
FIN,CHN,Bricks,690220,"1,340,488",594,False
FIN,CHN,Aluminum,7604,"1,285,748",186,False
FIN,IND,Tea,210690,"882,742",35,False
FIN,MMR,Rice,1006,"715,195",608,False
FIN,IND,Carpets,5701,"534,334",15,False
FIN,MYS,Garments,61,"529,738",18,False
FIN,CHN,Gloves,611691,"510,055",9,False
FIN,BRA,Garments,61,"501,056",10,False
FIN,CHN,Aluminum,7605,"463,537",78,False
FIN,CHN,Nails,761610,"374,310",26,False
FIN,MUS,Garments,62,"325,712",5,False
FIN,PAK,Carpets,5705,"208,991",21,False
FIN,CHN,Tomato Products,200290,"206,156",166,False
FIN,MUS,Garments,61,"192,491",3,False
FIN,CHN,Hair Products,670300,"132,327",0,False
FIN,IND,Thread/Yarn,5207,"127,033",9,False
FIN,CHN,Thread/Yarn,5511,"126,658",12,False
FIN,CHN,Christmas Decorations,853922,"119,095",2,False
FIN,MYS,Garments,62,"109,722",2,False
FIN,CHN,Thread/Yarn,5401,"106,937",6,False
FIN,CHN,Thread/Yarn,5508,"81,976",6,False
FIN,IND,Bricks,690220,"80,940",23,False
FIN,IND,Thread/Yarn,5204,"60,559",5,False
FIN,BLR,Furniture,94,"58,605",3,False
FIN,CHN,Thread/Yarn,5207,"55,411",3,False
FIN,CHN,Thread/Yarn,5406,"51,941",3,False
FIN,CHN,Bricks,6904,"47,714",50,False
FIN,CHN,Metallurgical Grade Silicon,280469,"43,449",16,False
FIN,CHN,Thread/Yarn,5509,"40,684",6,False
FIN,NPL,Carpets,5701,"38,018",1,False
FIN,IND,Thread/Yarn,5205,"34,944",3,False
FIN,PAK,Carpets,5701,"27,103",2,False
FIN,IND,Bricks,690210,"23,611",29,False
FIN,CHN,Bricks,681011,"17,242",20,False
FIN,CHN,Caustic Soda,281511,"16,168",16,False
FIN,IND,Carpets,5704,"16,146",5,False
FIN,CHN,Bricks,690290,"15,863",4,False
FIN,CHN,Squid,160554,"14,774",2,False
FIN,BRA,Garments,62,"14,053",0,False
FIN,IND,Thread/Yarn,5508,"12,077",1,False
FIN,PAK,Carpets,5702,"11,547",2,False
FIN,CHN,Aluminum,7601,"11,425",0,False
FIN,CHN,Bricks,6901,"7,554",2,False
FIN,NPL,Carpets,5703,"5,322",0,False
FIN,PER,Gold,7108,"5,215",1,False
FIN,CHN,Tomato Products,120991,"5,141",0,False
FIN,IND,Thread/Yarn,5401,"4,590",0,False
FIN,IND,Embellished Textiles,540792,"3,716",0,False
FIN,ARG,Garments,61,"2,726",0,False
FIN,NPL,Carpets,5702,"2,347",0,False
FIN,NPL,Carpets,5705,"2,027",0,False
FIN,CHN,Thread/Yarn,5204,"1,976",0,False
FIN,CHN,Nails,741510,"1,641",0,False
FIN,IND,Thread/Yarn,5511,"1,480",0,False
FIN,CHN,Polysilicon,280461,"1,398",0,False
FIN,IND,Embellished Textiles,580900,"1,250",0,False
FIN,DOM,Sugarcane,121293,"1,215",0,False
FIN,IND,Tea,210120,"1,063",0,False
FIN,PAK,Carpets,5703,806,0,False
FIN,IND,Rice,100890,722,0,False
FIN,CHN,Polyvinyl Chloride,390410,458,0,False
FIN,CHN,Thread/Yarn,5205,409,0,False
FIN,CHN,Tomato Products,210320,224,0,False
FIN,ETH,Textiles (hand-woven),5209,160,0,False
FIN,IND,Cottonseed (hybrid),120729,89,0,False
FIN,IND,Thread/Yarn,5402,89,0,False
FIN,IND,Sugarcane,121293,62,0,False
FIN,CHN,Thread/Yarn,5510,19,0,False
FIN,CHN,Polyvinyl Chloride,390422,9,0,False
FIN,BRA,Charcoal,4402,2,0,False
FRA,CHN,Electronics,85,"18,508,814,201","1,042,201",False
FRA,CHN,Garments,61,"2,766,890,425","125,557",False
FRA,CHN,Garments,62,"2,647,534,089","110,137",False
FRA,BGD,Garments,61,"2,192,215,983","133,300",False
FRA,BGD,Garments,62,"1,622,413,598","78,636",False
FRA,CHN,Footwear,64,"1,555,576,429","101,538",False
FRA,CHN,Toys,9503,"1,104,289,896","96,480",False
FRA,MYS,Electronics,85,"999,111,289","18,497",False
FRA,CHN,Toys,9504,"962,164,362","29,284",False
FRA,VNM,Garments,62,"681,120,064","15,791",False
FRA,VNM,Garments,61,"627,471,802","25,678",False
FRA,IND,Garments,62,"569,963,782","14,958",False
FRA,IND,Garments,61,"495,911,317","19,897",False
FRA,CIV,Cocoa,180100,"210,270,116","30,437",False
FRA,MMR,Garments,62,"133,055,739","8,439",False
FRA,CHN,Christmas Decorations,950510,"112,224,111","13,998",False
FRA,CHN,Artificial Flowers,6702,"100,031,499","12,720",False
FRA,MMR,Garments,61,"76,349,079","5,753",False
FRA,THA,Garments,61,"75,302,505","1,041",False
FRA,CHN,Toys,950590,"50,930,591","4,491",False
FRA,MYS,Rubber Gloves,401519,"40,477,816","4,749",False
FRA,CHN,Aluminum,7606,"35,188,332","12,090",False
FRA,THA,Garments,62,"30,654,418",640,False
FRA,IND,Rice,1006,"28,266,641","20,917",False
FRA,PER,Gold,7108,"26,719,635",397,False
FRA,NGA,Cocoa,180100,"26,654,649","3,410",False
FRA,MYS,Garments,61,"22,793,319","1,141",False
FRA,CHN,Aluminum,7604,"21,891,619","4,545",False
FRA,CHN,Thread/Yarn,5402,"21,728,058","12,243",False
FRA,IND,Carpets,5703,"21,505,901","3,137",False
FRA,MUS,Garments,61,"19,695,879",464,False
FRA,IND,Carpets,5705,"19,198,496","5,566",False
FRA,IND,Carpets,5702,"18,028,489","2,900",False
FRA,CHN,Nails,7317,"17,758,753","8,204",False
FRA,CHN,Fireworks,360410,"15,236,547","3,188",False
FRA,CHN,Hair Products,670420,"15,198,616",83,False
FRA,CHN,Tomato Products,120991,"10,576,139",108,False
FRA,CHN,Tomato Products,210390,"10,304,992","4,255",False
FRA,MMR,Rubies,710391,"8,102,891",0,False
FRA,CHN,Gloves,420329,"7,330,132",247,False
FRA,MUS,Garments,62,"6,813,685",224,False
FRA,IND,Carpets,5701,"6,346,469",784,False
FRA,IND,Sandstone,251620,"5,841,361","42,536",False
FRA,CHN,Bricks,690220,"5,476,780","3,178",False
FRA,BLR,Furniture,94,"5,385,679","1,805",False
FRA,MMR,Rice,1006,"5,186,321","7,169",False
FRA,MWI,Tobacco,2401,"5,128,333","2,818",False
FRA,IND,Bricks,690220,"4,820,480","1,082",False
FRA,AGO,Diamonds,7102,"4,472,341",1,False
FRA,IND,Tea,210690,"4,428,833",561,False
FRA,CHN,Coal,2701,"4,369,678","6,517",False
FRA,CIV,Cocoa,180200,"4,209,566","2,426",False
FRA,CHN,Nails,761610,"4,172,871",220,False
FRA,CHN,Thread/Yarn,5511,"4,065,538",383,False
FRA,CHN,Gloves,611691,"3,594,207",40,False
FRA,BFA,Cotton,5201,"3,406,563","2,888",False
FRA,NPL,Carpets,5701,"3,373,942",40,False
FRA,CHN,Bricks,690210,"3,174,520","2,097",False
FRA,IND,Thread/Yarn,5205,"3,046,254",669,False
FRA,PAK,Carpets,5702,"2,943,467",331,False
FRA,CHN,Thread/Yarn,5401,"2,476,439",494,False
FRA,IND,Thread/Yarn,5509,"2,463,317",614,False
FRA,CHN,Bricks,690290,"2,263,980",948,False
FRA,CHN,Polysilicon,280461,"2,197,768",128,False
FRA,CHN,Thread/Yarn,5508,"1,852,383",189,False
FRA,BRA,Garments,61,"1,759,471",23,False
FRA,BRA,Garments,62,"1,732,323",21,False
FRA,PAK,Cotton,5201,"1,707,030",737,False
FRA,CHN,Thread/Yarn,5207,"1,652,196",194,False
FRA,CHN,Christmas Decorations,853922,"1,642,575",64,False
FRA,MYS,Garments,62,"1,621,859",35,False
FRA,CHN,Aluminum,7603,"1,477,596",280,False
FRA,IDN,Nickel,7502,"1,070,054",68,False
FRA,CHN,Aluminum,7605,"1,004,611",203,False
FRA,CHN,Thread/Yarn,5509,"993,427",139,False
FRA,KAZ,Cotton,5201,"984,320",473,False
FRA,CHN,Thread/Yarn,5204,"940,705",106,False
FRA,PAK,Carpets,5701,"933,513",36,False
FRA,IND,Embellished Textiles,540792,"926,719",109,False
FRA,IND,Thread/Yarn,5401,"874,757",36,False
FRA,IND,Thread/Yarn,5511,"778,526",91,False
FRA,CHN,Tomato Products,200290,"745,181",572,False
FRA,PAK,Carpets,5705,"721,496",113,False
FRA,CHN,Thread/Yarn,5406,"712,171",47,False
FRA,CHN,Aluminum,7601,"578,629",126,False
FRA,SLE,Diamonds,7102,"469,201",0,False
FRA,IND,Thread/Yarn,5207,"435,341",27,False
FRA,CHN,Squid,160554,"393,042",54,False
FRA,CHN,Hair Products,670300,"386,299",3,False
FRA,IND,Thread/Yarn,5402,"382,991",115,False
FRA,CHN,Bricks,6904,"334,809",265,False
FRA,CHN,Metallurgical Grade Silicon,280469,"312,625",109,False
FRA,MMR,Jade,710399,"297,832",3,False
FRA,IND,Bricks,6901,"289,286",774,False
FRA,ARG,Garments,61,"270,108",8,False
FRA,IND,Bricks,690290,"255,044",128,False
FRA,IND,Thread/Yarn,5204,"237,970",20,False
FRA,CHN,Thread/Yarn,5510,"232,530",73,False
FRA,COD,Gold,7108,"220,412",77,False
FRA,CHN,Thread/Yarn,5205,"192,638",17,False
FRA,CHN,Polyvinyl Chloride,390410,"174,404",147,False
FRA,CHN,Thread/Yarn,5403,"172,075",22,False
FRA,CHN,Bricks,6901,"161,073",95,False
FRA,IND,Bricks,690210,"160,010",188,False
FRA,CHN,Caustic Soda,281511,"128,189",163,False
FRA,CHN,Nails,741510,"113,978",15,False
FRA,CHN,Cotton,5201,"95,017",5,False
FRA,IND,Tea,210120,"87,625",10,False
FRA,ARG,Garments,62,"81,835",1,False
FRA,IND,Thread/Yarn,5206,"80,779",14,False
FRA,NPL,Carpets,5702,"78,631",1,False
FRA,IND,Rice,100890,"75,006",42,False
FRA,IND,Carpets,5704,"74,877",16,False
FRA,CHN,Bricks,681011,"67,679",69,False
FRA,NPL,Carpets,5703,"62,068",1,False
FRA,IND,Embellished Textiles,580900,"57,911",2,False
FRA,PAK,Carpets,5703,"56,809",10,False
FRA,NPL,Carpets,5704,"48,517",2,False
FRA,BRA,Timber,4403,"45,127",27,False
FRA,IND,Thread/Yarn,5403,"43,269",5,False
FRA,CHN,Polyvinyl Chloride,390422,"34,655",10,False
FRA,CHN,Thread/Yarn,5206,"33,875",3,False
FRA,IND,Sugarcane,121293,"15,753",13,False
FRA,CHN,Polyvinyl Chloride,391530,"14,685",5,False
FRA,BRA,Charcoal,4402,"10,317",17,False
FRA,IND,Thread/Yarn,5508,"10,210",1,False
FRA,IND,Bricks,681011,"9,517",1,False
FRA,BLR,Lumber,4407,"5,133",9,False
FRA,NPL,Carpets,5705,"4,576",0,False
FRA,BLR,Lumber,4409,"4,183",6,False
FRA,MLI,Rice,100890,"4,105",4,False
FRA,DOM,Sugarcane,121293,"3,730",2,False
FRA,CHN,Tomato Products,200950,"3,046",4,False
FRA,MLI,Rice,1006,"2,354",2,False
FRA,ETH,Textiles (hand-woven),5209,"1,558",0,False
FRA,PAK,Sugarcane,121293,"1,405",1,False
FRA,CHN,Tomato Products,210320,"1,265",0,False
FRA,IND,Thread/Yarn,5406,894,0,False
FRA,IND,Bricks,6904,787,4,False
FRA,CHN,Polyvinyl Chloride,390421,747,0,False
FRA,IND,Thread/Yarn,5510,300,0,False
FRA,PAK,Bricks,681011,134,1,False
FRA,CHN,Caustic Soda,281512,107,0,False
FRA,IDN,Palm Fruit,120710,62,0,False
FRA,ETH,Textiles (hand-woven),5208,36,0,False
FRA,BEN,Cotton,5201,31,0,False
GRC,CHN,Electronics,85,"2,016,808,480","418,816",False
GRC,CHN,Toys,9503,"162,871,428","26,037",False
GRC,CHN,Footwear,64,"127,710,678","14,783",False
GRC,CHN,Garments,61,"107,102,629","11,928",False
GRC,CHN,Garments,62,"105,992,567","8,060",False
GRC,BFA,Cotton,5201,"53,970,734","28,000",False
GRC,CHN,Christmas Decorations,950510,"43,758,725","6,661",False
GRC,BGD,Garments,61,"39,684,453","2,986",False
GRC,CHN,Thread/Yarn,5402,"29,319,887","22,712",False
GRC,CHN,Toys,9504,"27,966,588","3,034",False
GRC,CHN,Toys,950590,"22,708,943","2,884",False
GRC,IND,Garments,62,"20,361,169",708,False
GRC,BGD,Garments,62,"18,513,632","1,043",False
GRC,CHN,Artificial Flowers,6702,"12,946,076","1,621",False
GRC,MYS,Electronics,85,"11,237,720",959,False
GRC,IND,Garments,61,"11,089,441",612,False
GRC,MWI,Tobacco,2401,"6,522,722","1,161",False
GRC,CHN,Nails,7317,"4,676,788","1,376",False
GRC,MMR,Rice,1006,"3,731,152","4,866",False
GRC,IND,Thread/Yarn,5205,"3,340,743",714,False
GRC,MYS,Rubber Gloves,401519,"3,293,349",669,False
GRC,IND,Rice,1006,"2,642,226","2,544",False
GRC,IND,Carpets,5703,"2,539,185",888,False
GRC,MMR,Garments,62,"2,508,802",138,False
GRC,MMR,Garments,61,"2,194,186",129,False
GRC,CHN,Thread/Yarn,5206,"2,170,410","2,688",False
GRC,CHN,Bricks,690210,"2,058,053","2,262",False
GRC,IND,Carpets,5702,"1,976,368",454,False
GRC,CHN,Hair Products,670420,"1,929,855",6,False
GRC,CHN,Thread/Yarn,5509,"1,813,360",954,False
GRC,CHN,Aluminum,7606,"1,728,111",711,False
GRC,CHN,Aluminum,7604,"1,455,884",217,False
GRC,VNM,Garments,62,"1,453,114",53,False
GRC,CHN,Fireworks,360410,"1,286,208",285,False
GRC,THA,Garments,61,"1,283,369",44,False
GRC,THA,Garments,62,"1,138,507",57,False
GRC,IND,Carpets,5705,"1,003,589",333,False
GRC,IND,Thread/Yarn,5402,"951,488",306,False
GRC,CHN,Thread/Yarn,5508,"898,187",233,False
GRC,CHN,Metallurgical Grade Silicon,280469,"896,578",486,False
GRC,IND,Thread/Yarn,5509,"831,093",349,False
GRC,CHN,Bricks,690220,"580,493","1,106",False
GRC,CHN,Bricks,690290,"546,782",423,False
GRC,VNM,Garments,61,"512,150",53,False
GRC,CHN,Tomato Products,200290,"467,172",448,False
GRC,CHN,Gloves,420329,"444,868",41,False
GRC,CHN,Bricks,681011,"424,307",841,False
GRC,PAK,Cotton,5201,"402,975",179,False
GRC,IND,Carpets,5701,"379,061",13,False
GRC,CHN,Thread/Yarn,5511,"355,219",112,False
GRC,CHN,Tomato Products,210390,"326,884",148,False
GRC,CHN,Nails,761610,"294,605",65,False
GRC,CHN,Coal,2701,"286,617",446,False
GRC,IND,Embellished Textiles,540792,"270,690",21,False
GRC,IND,Tea,210690,"265,730",40,False
GRC,CHN,Thread/Yarn,5401,"252,463",80,False
GRC,IND,Thread/Yarn,5510,"243,809",108,False
GRC,BRA,Garments,61,"211,408",6,False
GRC,CHN,Caustic Soda,281511,"180,532",234,False
GRC,MYS,Garments,61,"175,979",6,False
GRC,IND,Thread/Yarn,5206,"169,815",54,False
GRC,CHN,Tomato Products,120991,"168,861",1,False
GRC,CHN,Christmas Decorations,853922,"163,225",23,False
GRC,PAK,Carpets,5701,"151,108",7,False
GRC,CHN,Polyvinyl Chloride,390410,"148,713",165,False
GRC,PAK,Carpets,5705,"147,311",26,False
GRC,IND,Bricks,690290,"135,422",195,False
GRC,CHN,Thread/Yarn,5204,"132,012",10,False
GRC,BRA,Garments,62,"111,597",2,False
GRC,CHN,Thread/Yarn,5403,"108,469",29,False
GRC,IND,Sandstone,251620,"84,225",292,False
GRC,IND,Thread/Yarn,5403,"82,603",14,False
GRC,CHN,Thread/Yarn,5510,"75,657",80,False
GRC,PAK,Carpets,5702,"70,943",8,False
GRC,CHN,Polyvinyl Chloride,390421,"41,655",50,False
GRC,CHN,Hair Products,670300,"37,882",0,False
GRC,NPL,Carpets,5701,"36,489",0,False
GRC,IND,Bricks,6904,"34,111",72,False
GRC,MYS,Garments,62,"32,884",0,False
GRC,CHN,Aluminum,7605,"29,584",8,False
GRC,IND,Bricks,690220,"26,741",16,False
GRC,CHN,Thread/Yarn,5406,"21,842",6,False
GRC,CHN,Thread/Yarn,5207,"20,557",2,False
GRC,CHN,Thread/Yarn,5205,"18,667",4,False
GRC,CHN,Gloves,611691,"17,711",0,False
GRC,PAK,Carpets,5703,"13,685",2,False
GRC,BLR,Furniture,94,"11,365",15,False
GRC,CHN,Aluminum,7603,"9,905",0,False
GRC,CHN,Bricks,6904,"9,761",30,False
GRC,CHN,Bricks,6901,"7,877",5,False
GRC,PER,Gold,7108,"6,667",2,False
GRC,CHN,Nails,741510,"6,417",1,False
GRC,CHN,Polyvinyl Chloride,390422,"5,176",11,False
GRC,CHN,Cotton,5201,"4,974",0,False
GRC,IND,Tea,210120,"4,483",0,False
GRC,MUS,Garments,61,"2,027",0,False
GRC,BRA,Charcoal,4402,"1,400",1,False
GRC,MUS,Garments,62,"1,220",0,False
GRC,IND,Carpets,5704,"1,118",0,False
GRC,IND,Thread/Yarn,5401,"1,100",0,False
GRC,IND,Embellished Textiles,580900,443,0,False
GRC,CHN,Aluminum,7601,350,0,False
GRC,IND,Thread/Yarn,5508,334,0,False
GRC,ARG,Garments,61,289,0,False
GRC,CHN,Tomato Products,210320,152,0,False
GRC,CIV,Cocoa,180100,54,0,False
GRC,IND,Thread/Yarn,5204,4,0,False
HRV,CHN,Electronics,85,"484,106,733","33,644",False
HRV,CHN,Footwear,64,"38,084,264","1,477",False
HRV,BGD,Garments,61,"33,307,579","1,756",False
HRV,CHN,Garments,61,"29,009,452","1,491",False
HRV,BGD,Garments,62,"26,936,112","1,256",False
HRV,CHN,Garments,62,"24,460,938",770,False
HRV,CHN,Toys,9503,"18,397,220","1,897",False
HRV,VNM,Garments,62,"17,864,959",367,False
HRV,IND,Garments,62,"15,359,278",506,False
HRV,VNM,Garments,61,"11,477,223",248,False
HRV,CHN,Artificial Flowers,6702,"6,122,319",617,False
HRV,IND,Garments,61,"5,719,515",279,False
HRV,MMR,Garments,61,"5,011,823",268,False
HRV,CHN,Thread/Yarn,5402,"4,112,103","1,808",False
HRV,CHN,Christmas Decorations,950510,"3,806,347",519,False
HRV,CHN,Toys,9504,"3,394,528",339,False
HRV,CHN,Aluminum,7601,"2,848,963",925,False
HRV,CHN,Bricks,690220,"2,679,403",490,False
HRV,MMR,Garments,62,"2,232,086",118,False
HRV,IND,Thread/Yarn,5205,"1,998,454",689,False
HRV,CHN,Fireworks,360410,"1,903,034",516,False
HRV,MYS,Rubber Gloves,401519,"1,335,890",220,False
HRV,CHN,Aluminum,7604,"1,009,776",208,False
HRV,MMR,Rice,1006,"939,016","1,407",False
HRV,MYS,Electronics,85,"849,208",96,False
HRV,CHN,Tomato Products,200290,"828,845",687,False
HRV,CHN,Aluminum,7606,"820,788",283,False
HRV,IND,Rice,1006,"646,532","1,284",False
HRV,CHN,Toys,950590,"591,894",68,False
HRV,CHN,Bricks,6904,"469,977",132,False
HRV,IND,Thread/Yarn,5402,"418,540",225,False
HRV,CHN,Metallurgical Grade Silicon,280469,"336,111",185,False
HRV,CHN,Thread/Yarn,5509,"258,184",29,False
HRV,CHN,Aluminum,7605,"242,545",50,False
HRV,IND,Bricks,690220,"237,861",49,False
HRV,IND,Carpets,5702,"196,328",26,False
HRV,THA,Garments,62,"161,700",5,False
HRV,MWI,Tobacco,2401,"156,590",19,False
HRV,CHN,Nails,761610,"156,543",12,False
HRV,CHN,Gloves,420329,"132,089",8,False
HRV,BRA,Garments,61,"128,669",3,False
HRV,BRA,Garments,62,"113,959",5,False
HRV,IND,Carpets,5703,"100,155",24,False
HRV,PAK,Cotton,5201,"95,161",39,False
HRV,BLR,Furniture,94,"93,760",42,False
HRV,MYS,Garments,61,"91,374",3,False
HRV,CHN,Nails,7317,"87,536",39,False
HRV,CHN,Polysilicon,280461,"84,799",1,False
HRV,THA,Garments,61,"79,022",3,False
HRV,CHN,Thread/Yarn,5508,"72,356",14,False
HRV,CHN,Christmas Decorations,853922,"67,359",23,False
HRV,IND,Tea,210690,"57,674",1,False
HRV,CHN,Thread/Yarn,5401,"49,106",5,False
HRV,CHN,Tomato Products,210320,"41,827",46,False
HRV,CHN,Hair Products,670420,"39,656",0,False
HRV,IND,Carpets,5705,"33,656",10,False
HRV,IND,Thread/Yarn,5508,"32,805",20,False
HRV,CHN,Thread/Yarn,5204,"26,755",5,False
HRV,CHN,Bricks,681011,"20,945",10,False
HRV,CHN,Bricks,690210,"17,630",16,False
HRV,CHN,Polyvinyl Chloride,390410,"16,819",24,False
HRV,IND,Thread/Yarn,5403,"15,322",3,False
HRV,CHN,Tomato Products,120991,"14,002",0,False
HRV,IND,Thread/Yarn,5206,"13,060",3,False
HRV,PAK,Carpets,5701,"12,194",1,False
HRV,IND,Tea,210120,"11,877",0,False
HRV,IND,Carpets,5701,"7,440",0,False
HRV,CHN,Caustic Soda,281511,"5,143",4,False
HRV,PAK,Carpets,5705,"3,620",1,False
HRV,CHN,Thread/Yarn,5406,"2,326",0,False
HRV,CHN,Thread/Yarn,5205,"2,173",0,False
HRV,CHN,Tomato Products,210390,"1,275",0,False
HRV,IND,Carpets,5704,757,0,False
HRV,CHN,Nails,741510,690,0,False
HRV,MYS,Garments,62,686,0,False
HRV,CHN,Thread/Yarn,5207,622,0,False
HRV,CHN,Gloves,611691,400,0,False
HRV,IND,Thread/Yarn,5207,318,0,False
HRV,CHN,Hair Products,670300,217,0,False
HRV,PAK,Carpets,5704,159,0,False
HRV,BRA,Charcoal,4402,82,0,False
HRV,CHN,Polyvinyl Chloride,390422,55,0,False
HRV,IND,Thread/Yarn,5401,21,0,False
HRV,CHN,Bricks,6901,1,0,False
HUN,CHN,Electronics,85,"5,308,932,562","198,134",False
HUN,MYS,Electronics,85,"221,013,949","9,470",False
HUN,CHN,Garments,61,"102,348,340","8,616",False
HUN,BGD,Garments,61,"87,684,729","7,587",False
HUN,CHN,Toys,9503,"75,570,014","7,997",False
HUN,CHN,Garments,62,"74,419,855","3,209",False
HUN,CHN,Footwear,64,"59,644,884","6,610",False
HUN,IND,Garments,61,"41,899,771","1,935",False
HUN,BGD,Garments,62,"25,020,924","1,854",False
HUN,CHN,Artificial Flowers,6702,"18,399,422","2,669",False
HUN,CHN,Toys,9504,"11,414,202","1,347",False
HUN,CHN,Christmas Decorations,950510,"6,513,346","1,228",False
HUN,IND,Garments,62,"5,511,616",150,False
HUN,CHN,Toys,950590,"4,368,808",765,False
HUN,CHN,Aluminum,7606,"3,090,156","1,516",False
HUN,CHN,Fireworks,360410,"2,343,013",793,False
HUN,CHN,Tomato Products,200290,"2,276,710","1,121",False
HUN,BLR,Furniture,94,"2,146,668",360,False
HUN,IND,Carpets,5703,"2,004,982",428,False
HUN,CHN,Gloves,420329,"1,829,536",110,False
HUN,VNM,Garments,62,"1,790,033",40,False
HUN,CHN,Tomato Products,120991,"1,764,437",125,False
HUN,MMR,Rice,1006,"1,659,579","1,487",False
HUN,IND,Carpets,5702,"1,384,406",215,False
HUN,CHN,Aluminum,7604,"1,300,189",362,False
HUN,CHN,Thread/Yarn,5402,"1,258,338",380,False
HUN,MYS,Rubber Gloves,401519,"1,008,037",172,False
HUN,CHN,Nails,7317,"845,772",393,False
HUN,MMR,Garments,61,"803,176",64,False
HUN,MWI,Tobacco,2401,"698,151",190,False
HUN,IND,Tea,210690,"639,891",13,False
HUN,CHN,Bricks,690210,"530,333",419,False
HUN,IND,Thread/Yarn,5509,"527,624",95,False
HUN,VNM,Garments,61,"483,017",12,False
HUN,IND,Carpets,5705,"364,904",49,False
HUN,THA,Garments,62,"341,845",18,False
HUN,CHN,Hair Products,670300,"321,768",1,False
HUN,MMR,Garments,62,"292,077",11,False
HUN,CHN,Nails,761610,"275,129",19,False
HUN,CHN,Christmas Decorations,853922,"228,232",42,False
HUN,IND,Thread/Yarn,5510,"172,710",40,False
HUN,CHN,Thread/Yarn,5401,"148,995",12,False
HUN,CHN,Polyvinyl Chloride,390422,"148,908",23,False
HUN,MYS,Garments,61,"139,766",9,False
HUN,THA,Garments,61,"124,863",6,False
HUN,CHN,Hair Products,670420,"114,109",0,False
HUN,PAK,Carpets,5701,"109,785",5,False
HUN,IND,Bricks,690220,"97,868",67,False
HUN,KAZ,Cotton,5201,"91,719",46,False
HUN,CHN,Thread/Yarn,5406,"90,539",7,False
HUN,PAK,Carpets,5702,"86,274",11,False
HUN,CHN,Thread/Yarn,5508,"82,528",20,False
HUN,CHN,Thread/Yarn,5509,"78,982",17,False
HUN,IND,Thread/Yarn,5511,"74,381",7,False
HUN,IND,Thread/Yarn,5205,"66,663",15,False
HUN,IND,Thread/Yarn,5402,"62,946",25,False
HUN,IND,Rice,1006,"62,344",54,False
HUN,CHN,Bricks,6904,"59,318",52,False
HUN,CHN,Aluminum,7605,"46,239",11,False
HUN,CHN,Polysilicon,280461,"44,605",1,False
HUN,CHN,Thread/Yarn,5206,"37,671",30,False
HUN,IND,Bricks,690290,"34,050",18,False
HUN,CHN,Bricks,690220,"29,857",10,False
HUN,IND,Carpets,5701,"29,058",0,False
HUN,CHN,Thread/Yarn,5204,"27,275",3,False
HUN,CHN,Tomato Products,210390,"26,160",12,False
HUN,CHN,Thread/Yarn,5205,"25,186",1,False
HUN,CHN,Polyvinyl Chloride,390410,"20,776",16,False
HUN,CHN,Thread/Yarn,5207,"19,875",4,False
HUN,CHN,Bricks,690290,"19,459",3,False
HUN,IND,Tea,210120,"16,435",1,False
HUN,CHN,Bricks,6901,"14,319",4,False
HUN,BRA,Garments,62,"11,695",0,False
HUN,CHN,Thread/Yarn,5511,"9,681",1,False
HUN,CHN,Gloves,611691,"7,934",1,False
HUN,CHN,Nails,741510,"7,795",1,False
HUN,CHN,Polyvinyl Chloride,390421,"6,875",6,False
HUN,BRA,Garments,61,"5,787",0,False
HUN,IND,Bricks,681011,"5,189",14,False
HUN,IND,Sandstone,251620,"4,891",5,False
HUN,CHN,Aluminum,7601,"3,875",0,False
HUN,MYS,Garments,62,"3,642",0,False
HUN,CHN,Aluminum,7603,"3,584",0,False
HUN,CHN,Bricks,681011,"1,087",1,False
HUN,CHN,Thread/Yarn,5510,"1,024",0,False
HUN,ARG,Garments,61,698,0,False
HUN,ARG,Garments,62,200,0,False
HUN,MUS,Garments,61,180,0,False
HUN,MUS,Garments,62,137,0,False
HUN,IND,Thread/Yarn,5204,39,0,False
HUN,CHN,Polyvinyl Chloride,391530,11,0,False
HUN,IND,Embellished Textiles,540792,9,0,False
HUN,PAK,Carpets,5705,8,0,False
HUN,IND,Thread/Yarn,5508,7,0,False
HUN,IND,Thread/Yarn,5401,6,0,False
HUN,IND,Thread/Yarn,5207,4,0,False
HUN,BRA,Timber,4403,3,0,False
HUN,CHN,Metallurgical Grade Silicon,280469,2,0,False
HUN,CHN,Thread/Yarn,5403,1,0,False
HUN,CHN,Tomato Products,210320,1,0,False
IRL,CHN,Electronics,85,"2,337,322,328","71,584",False
IRL,CHN,Garments,61,"388,857,957","15,265",False
IRL,CHN,Garments,62,"302,129,185","7,705",False
IRL,BGD,Garments,61,"263,138,408","13,526",False
IRL,MYS,Electronics,85,"221,832,649","1,107",False
IRL,CHN,Footwear,64,"213,159,111","8,694",False
IRL,CHN,Toys,9503,"203,024,934","13,077",False
IRL,BGD,Garments,62,"180,991,487","7,665",False
IRL,CHN,Toys,9504,"85,309,346","2,512",False
IRL,IND,Garments,61,"74,489,146","2,725",False
IRL,VNM,Garments,62,"69,277,353","1,672",False
IRL,VNM,Garments,61,"56,221,486","1,109",False
IRL,IND,Garments,62,"51,234,852","1,073",False
IRL,CHN,Christmas Decorations,950510,"27,131,782","2,627",False
IRL,CHN,Artificial Flowers,6702,"17,056,577","1,306",False
IRL,CHN,Toys,950590,"15,273,438",908,False
IRL,MMR,Garments,62,"10,242,273",266,False
IRL,IND,Tea,210120,"9,842,819",685,False
IRL,MYS,Rubber Gloves,401519,"8,151,972",892,False
IRL,CHN,Nails,7317,"6,886,125","3,704",False
IRL,IND,Rice,1006,"6,243,842","4,771",False
IRL,CHN,Hair Products,670420,"6,187,304",13,False
IRL,THA,Garments,61,"5,364,577",110,False
IRL,MMR,Garments,61,"4,757,766",200,False
IRL,CHN,Thread/Yarn,5402,"3,586,346","1,306",False
IRL,IND,Carpets,5702,"3,544,283",508,False
IRL,CHN,Aluminum,7606,"2,351,483",785,False
IRL,CHN,Tomato Products,210390,"2,344,937",508,False
IRL,IND,Carpets,5703,"2,266,774",566,False
IRL,THA,Garments,62,"2,228,753",66,False
IRL,CHN,Tomato Products,200290,"2,141,800","1,750",False
IRL,MUS,Garments,62,"1,737,567",54,False
IRL,CHN,Aluminum,7604,"1,716,168",375,False
IRL,IND,Tea,210690,"1,710,627",328,False
IRL,MYS,Garments,61,"1,447,057",48,False
IRL,MUS,Garments,61,"1,183,262",32,False
IRL,IND,Sandstone,251620,"1,177,047","3,925",False
IRL,IND,Thread/Yarn,5402,"1,051,948",817,False
IRL,IND,Carpets,5705,"772,064",138,False
IRL,CHN,Caustic Soda,281511,"672,364",899,False
IRL,CHN,Christmas Decorations,853922,"607,248",25,False
IRL,CHN,Gloves,420329,"498,850",23,False
IRL,CHN,Nails,761610,"420,967",29,False
IRL,IND,Carpets,5701,"380,668",28,False
IRL,CHN,Thread/Yarn,5511,"341,326",26,False
IRL,CHN,Hair Products,670300,"334,286",2,False
IRL,CHN,Thread/Yarn,5406,"260,400",18,False
IRL,CHN,Squid,160554,"252,773",45,False
IRL,CHN,Aluminum,7601,"216,229",4,False
IRL,MYS,Garments,62,"189,869",6,False
IRL,PAK,Carpets,5702,"163,936",24,False
IRL,CHN,Thread/Yarn,5204,"143,513",7,False
IRL,NPL,Carpets,5701,"136,007",1,False
IRL,CHN,Gloves,611691,"135,354",2,False
IRL,CHN,Tomato Products,120991,"118,628",2,False
IRL,IND,Embellished Textiles,540792,"111,775",7,False
IRL,CHN,Thread/Yarn,5401,"103,313",5,False
IRL,IND,Thread/Yarn,5511,"90,531",7,False
IRL,PAK,Carpets,5701,"86,208",2,False
IRL,CHN,Bricks,690290,"76,667",27,False
IRL,CHN,Aluminum,7605,"74,087",11,False
IRL,BRA,Garments,61,"66,504",1,False
IRL,BRA,Garments,62,"64,183",1,False
IRL,CHN,Bricks,6904,"63,829",143,False
IRL,CHN,Bricks,681011,"62,119",71,False
IRL,IND,Thread/Yarn,5401,"61,683",4,False
IRL,CHN,Thread/Yarn,5207,"52,296",6,False
IRL,CHN,Bricks,690220,"48,078",79,False
IRL,PER,Gold,7108,"43,945",27,False
IRL,IND,Thread/Yarn,5207,"42,501",3,False
IRL,CHN,Nails,741510,"32,010",4,False
IRL,CHN,Polyvinyl Chloride,390421,"31,095",4,False
IRL,CHN,Thread/Yarn,5508,"26,459",2,False
IRL,BRA,Charcoal,4402,"26,406",31,False
IRL,CHN,Thread/Yarn,5509,"21,941",3,False
IRL,BRA,Timber,4403,"20,906",92,False
IRL,CHN,Polyvinyl Chloride,390410,"20,781",2,False
IRL,IND,Carpets,5704,"18,705",4,False
IRL,CHN,Aluminum,7603,"18,699",1,False
IRL,IND,Bricks,6901,"15,127",39,False
IRL,CHN,Cotton,5201,"13,274",1,False
IRL,IND,Rice,100890,"11,266",7,False
IRL,CHN,Bricks,6901,"10,671",16,False
IRL,CHN,Polysilicon,280461,"10,089",0,False
IRL,CHN,Thread/Yarn,5206,"9,048",2,False
IRL,IND,Thread/Yarn,5509,"6,927",1,False
IRL,MMR,Rice,1006,"5,852",3,False
IRL,ARG,Garments,61,"5,623",0,False
IRL,IND,Bricks,690220,"5,417",4,False
IRL,CHN,Polyvinyl Chloride,390422,"5,316",1,False
IRL,IND,Thread/Yarn,5204,"5,189",0,False
IRL,CHN,Bricks,690210,"3,211",3,False
IRL,CHN,Metallurgical Grade Silicon,280469,"3,054",0,False
IRL,CHN,Coal,2701,"2,564",0,False
IRL,IND,Bricks,690290,"1,646",2,False
IRL,CHN,Thread/Yarn,5205,"1,611",0,False
IRL,PAK,Carpets,5705,"1,546",0,False
IRL,ARG,Garments,62,"1,528",0,False
IRL,CHN,Caustic Soda,281512,"1,324",0,False
IRL,CHN,Thread/Yarn,5403,"1,307",0,False
IRL,IND,Sugarcane,121293,"1,208",0,False
IRL,BLR,Furniture,94,"1,169",0,False
IRL,NPL,Carpets,5702,881,0,False
IRL,IND,Thread/Yarn,5406,747,0,False
IRL,PAK,Carpets,5703,713,0,False
IRL,IND,Thread/Yarn,5205,699,0,False
IRL,PAK,Cotton,5201,699,0,False
IRL,IND,Embellished Textiles,580900,578,0,False
IRL,MMR,Jade,710399,481,0,False
IRL,IND,Thread/Yarn,5206,249,0,False
IRL,CHN,Thread/Yarn,5510,231,0,False
IRL,MMR,Rubies,710391,143,0,False
IRL,IND,Thread/Yarn,5508,110,0,False
IRL,CHN,Tomato Products,210320,93,0,False
IRL,ETH,Textiles (hand-woven),5209,81,0,False
IRL,IND,Bricks,6904,78,0,False
IRL,NPL,Carpets,5703,65,0,False
IRL,CHN,Tomato Products,200950,64,0,False
IRL,CHN,Fireworks,360410,58,0,False
IRL,PER,Timber,4403,41,0,False
IRL,NPL,Carpets,5705,36,0,False
IRL,IND,Thread/Yarn,5403,17,0,False
IRL,IND,Embellished Textiles,540791,9,0,False
IRL,IND,Thread/Yarn,5510,5,0,False
IRL,NGA,Cocoa,180100,4,0,False
IRL,PAK,Carpets,5704,3,0,False
IRL,BLR,Lumber,4707,3,0,False
ISL,CHN,Electronics,85,"293,359,697","127,901",False
ISL,CHN,Garments,62,"38,495,207",776,False
ISL,CHN,Garments,61,"33,939,139",814,False
ISL,CHN,Metallurgical Grade Silicon,280469,"18,056,046","7,283",False
ISL,BGD,Garments,61,"11,812,301",391,False
ISL,CHN,Footwear,64,"10,689,562",287,False
ISL,CHN,Toys,9503,"8,965,612",459,False
ISL,BGD,Garments,62,"7,709,286",210,False
ISL,VNM,Garments,62,"5,826,034",90,False
ISL,MYS,Electronics,85,"5,389,952",96,False
ISL,VNM,Garments,61,"4,790,790",80,False
ISL,CHN,Fireworks,360410,"4,268,653",628,False
ISL,IND,Garments,61,"2,872,197",63,False
ISL,IND,Garments,62,"2,868,192",51,False
ISL,CHN,Toys,9504,"2,483,505",116,False
ISL,MYS,Rubber Gloves,401519,"2,238,280",239,False
ISL,MMR,Garments,62,"2,028,184",43,False
ISL,CHN,Bricks,690290,"1,708,802",559,False
ISL,CHN,Christmas Decorations,950510,"1,524,107",123,False
ISL,MMR,Garments,61,"1,161,402",55,False
ISL,CHN,Toys,950590,"1,019,112",51,False
ISL,CHN,Artificial Flowers,6702,"992,077",95,False
ISL,THA,Garments,62,"829,521",20,False
ISL,CHN,Aluminum,7601,"812,771",212,False
ISL,CHN,Gloves,420329,"780,457",16,False
ISL,CHN,Aluminum,7604,"765,601",168,False
ISL,THA,Garments,61,"738,365",20,False
ISL,IND,Rice,1006,"631,980",211,False
ISL,IND,Carpets,5702,"508,548",62,False
ISL,MYS,Garments,61,"338,251",9,False
ISL,CHN,Gloves,611691,"304,282",8,False
ISL,CHN,Nails,7317,"243,272",53,False
ISL,CHN,Tomato Products,210390,"190,081",26,False
ISL,CHN,Tomato Products,200290,"180,340",88,False
ISL,MYS,Garments,62,"155,318",8,False
ISL,CHN,Bricks,690220,"150,744",70,False
ISL,CHN,Aluminum,7606,"130,673",41,False
ISL,IND,Carpets,5703,"130,485",17,False
ISL,CHN,Thread/Yarn,5509,"87,751",2,False
ISL,IND,Thread/Yarn,5207,"63,453",3,False
ISL,IND,Carpets,5705,"63,087",8,False
ISL,CHN,Hair Products,670420,"52,379",0,False
ISL,BRA,Garments,61,"51,631",0,False
ISL,MUS,Garments,61,"51,273",1,False
ISL,CHN,Polyvinyl Chloride,390421,"51,238",7,False
ISL,CHN,Christmas Decorations,853922,"50,644",3,False
ISL,IND,Carpets,5701,"37,126",4,False
ISL,IND,Tea,210690,"26,425",1,False
ISL,CHN,Tomato Products,210320,"23,665",3,False
ISL,MUS,Garments,62,"22,994",0,False
ISL,CHN,Cotton,5201,"18,362",0,False
ISL,CHN,Nails,761610,"17,227",1,False
ISL,CHN,Thread/Yarn,5401,"16,535",0,False
ISL,CHN,Thread/Yarn,5207,"16,479",1,False
ISL,CHN,Thread/Yarn,5402,"12,008",1,False
ISL,IND,Thread/Yarn,5401,"7,999",0,False
ISL,CHN,Bricks,690210,"7,197",1,False
ISL,PER,Gold,7108,"5,774",1,False
ISL,BRA,Garments,62,"5,316",0,False
ISL,PAK,Carpets,5705,"4,721",0,False
ISL,CHN,Thread/Yarn,5508,"4,591",0,False
ISL,CHN,Thread/Yarn,5511,"3,990",0,False
ISL,PAK,Carpets,5702,"3,660",1,False
ISL,CHN,Thread/Yarn,5204,"3,553",0,False
ISL,IND,Carpets,5704,"2,848",1,False
ISL,ARG,Garments,61,"1,992",0,False
ISL,IND,Bricks,690210,"1,713",0,False
ISL,CHN,Aluminum,7605,"1,559",0,False
ISL,MMR,Rice,1006,"1,466",1,False
ISL,CHN,Hair Products,670300,"1,334",0,False
ISL,CHN,Thread/Yarn,5406,952,0,False
ISL,AGO,Diamonds,7102,673,0,False
ISL,CHN,Nails,741510,628,0,False
ISL,CHN,Thread/Yarn,5510,550,0,False
ISL,CHN,Aluminum,7603,412,0,False
ISL,IND,Thread/Yarn,5511,385,0,False
ISL,NPL,Carpets,5703,372,0,False
ISL,PAK,Carpets,5703,294,0,False
ISL,IND,Thread/Yarn,5204,239,0,False
ISL,CHN,Polyvinyl Chloride,390410,183,0,False
ISL,CHN,Thread/Yarn,5205,171,0,False
ISL,ARG,Garments,62,121,0,False
ISL,CHN,Squid,160554,101,0,False
ISL,ETH,Textiles (hand-woven),5209,87,0,False
ISL,CHN,Polyvinyl Chloride,390422,85,0,False
ISL,CHN,Bricks,6904,83,0,False
ISL,IND,Rice,100890,50,0,False
ISL,CHN,Bricks,681011,37,0,False
ISL,CHN,Bricks,6901,35,0,False
ISL,IND,Bricks,690290,24,0,False
ISL,CHN,Thread/Yarn,5403,14,0,False
ISL,MMR,Rubies,710391,13,0,False
ISL,PAK,Cotton,5201,10,0,False
ITA,CHN,Electronics,85,"11,112,441,969","622,814",False
ITA,CHN,Garments,62,"1,355,845,612","51,841",False
ITA,CHN,Garments,61,"1,046,586,288","51,426",False
ITA,CHN,Footwear,64,"1,025,858,484","70,339",False
ITA,BGD,Garments,61,"970,975,829","67,682",False
ITA,BGD,Garments,62,"578,695,492","31,729",False
ITA,CHN,Toys,9503,"399,182,465","40,176",False
ITA,MMR,Garments,62,"217,056,838","8,635",False
ITA,MYS,Electronics,85,"192,662,946","6,357",False
ITA,IND,Garments,61,"189,836,471","6,918",False
ITA,CIV,Cocoa,180100,"180,365,006","37,957",False
ITA,VNM,Garments,62,"159,757,196","2,839",False
ITA,IND,Garments,62,"145,367,014","3,792",False
ITA,CHN,Tomato Products,200290,"120,191,641","98,202",False
ITA,CHN,Thread/Yarn,5402,"115,820,022","52,556",False
ITA,VNM,Garments,61,"114,341,932","3,419",False
ITA,CHN,Christmas Decorations,950510,"110,259,530","16,646",False
ITA,IND,Thread/Yarn,5205,"65,164,324","9,867",False
ITA,CHN,Artificial Flowers,6702,"61,267,611","7,841",False
ITA,CHN,Aluminum,7606,"54,022,917","17,681",False
ITA,MMR,Garments,61,"52,657,260","2,172",False
ITA,CHN,Toys,9504,"51,757,244","7,224",False
ITA,PER,Gold,7108,"50,398,646",307,False
ITA,MYS,Rubber Gloves,401519,"42,953,531","8,127",False
ITA,NGA,Cocoa,180100,"41,354,420","8,659",False
ITA,IDN,Nickel,720260,"38,287,974","21,131",False
ITA,IND,Rice,1006,"33,190,743","27,035",False
ITA,CHN,Thread/Yarn,5205,"32,642,742","3,713",False
ITA,CHN,Toys,950590,"32,319,350","4,901",False
ITA,CHN,Hair Products,670420,"22,068,725",62,False
ITA,CHN,Metallurgical Grade Silicon,280469,"19,295,980","11,170",False
ITA,CHN,Tomato Products,120991,"18,662,744",383,False
ITA,CHN,Aluminum,7604,"17,183,020","4,505",False
ITA,IND,Carpets,5702,"16,300,701","2,613",False
ITA,CHN,Thread/Yarn,5403,"16,265,833","2,932",False
ITA,MMR,Rice,1006,"15,151,822","20,966",False
ITA,CHN,Bricks,690210,"13,922,809","7,056",False
ITA,THA,Garments,62,"13,211,187",150,False
ITA,IND,Carpets,5703,"10,917,941","1,846",False
ITA,CHN,Bricks,690220,"10,454,690","10,315",False
ITA,CHN,Coal,2701,"10,298,774","29,967",False
ITA,CHN,Nails,7317,"9,435,072","8,689",False
ITA,CHN,Thread/Yarn,5510,"8,979,949","1,916",False
ITA,IND,Thread/Yarn,5509,"8,711,677","2,870",False
ITA,THA,Garments,61,"8,342,728",197,False
ITA,IDN,Nickel,7501,"8,044,964",540,False
ITA,MUS,Garments,62,"7,741,497",246,False
ITA,IND,Carpets,5705,"6,647,509",789,False
ITA,CHN,Aluminum,7601,"6,635,705","2,054",False
ITA,CHN,Thread/Yarn,5509,"6,454,315","1,202",False
ITA,IND,Carpets,5701,"6,340,467",222,False
ITA,CHN,Aluminum,7605,"6,139,332","1,470",False
ITA,IND,Thread/Yarn,5402,"5,663,693","2,690",False
ITA,IND,Tea,210690,"5,329,085","1,014",False
ITA,MWI,Tobacco,2401,"5,135,576","1,128",False
ITA,IND,Bricks,690220,"4,894,003","1,830",False
ITA,IND,Thread/Yarn,5510,"3,828,505",829,False
ITA,CHN,Thread/Yarn,5401,"3,800,407","1,071",False
ITA,CHN,Thread/Yarn,5508,"3,373,686","1,020",False
ITA,IND,Sandstone,251620,"3,194,834","12,740",False
ITA,PAK,Cotton,5201,"3,167,402","1,273",False
ITA,CHN,Bricks,690290,"2,851,858","1,337",False
ITA,CHN,Tomato Products,210390,"2,851,305","1,358",False
ITA,IND,Tea,210120,"2,735,705","1,773",False
ITA,NPL,Carpets,5701,"2,662,731",50,False
ITA,CHN,Thread/Yarn,5206,"2,649,437",233,False
ITA,CHN,Nails,761610,"2,289,961",188,False
ITA,CHN,Gloves,420329,"2,274,971",166,False
ITA,PAK,Carpets,5702,"1,650,181",283,False
ITA,PAK,Carpets,5701,"1,573,506",52,False
ITA,BRA,Garments,62,"1,423,690",7,False
ITA,MYS,Garments,61,"1,293,294",50,False
ITA,IND,Thread/Yarn,5403,"1,232,192",205,False
ITA,CHN,Polyvinyl Chloride,390422,"1,206,712",533,False
ITA,CHN,Thread/Yarn,5511,"1,131,163",173,False
ITA,MYS,Garments,62,"1,102,720",15,False
ITA,CHN,Bricks,681011,"1,082,788","1,987",False
ITA,CHN,Hair Products,670300,"1,004,373",4,False
ITA,IND,Bricks,690290,"986,614",308,False
ITA,KAZ,Cotton,5201,"855,353",423,False
ITA,CHN,Christmas Decorations,853922,"846,562",82,False
ITA,CHN,Thread/Yarn,5406,"787,612",104,False
ITA,BRA,Garments,61,"770,240",8,False
ITA,IND,Embellished Textiles,540792,"756,963",149,False
ITA,IND,Thread/Yarn,5511,"709,370",92,False
ITA,MMR,Rubies,710391,"697,990",0,False
ITA,IND,Thread/Yarn,5206,"638,071",113,False
ITA,MUS,Garments,61,"580,140",7,False
ITA,PAK,Carpets,5705,"539,986",376,False
ITA,CHN,Polyvinyl Chloride,390410,"512,764",721,False
ITA,CHN,Gloves,611691,"477,774",4,False
ITA,CHN,Thread/Yarn,5204,"473,821",64,False
ITA,BLR,Furniture,94,"428,258",359,False
ITA,IND,Thread/Yarn,5204,"400,989",44,False
ITA,SLE,Diamonds,7102,"388,727",0,False
ITA,IND,Bricks,690210,"381,133",382,False
ITA,IDN,Nickel,7502,"315,864",20,False
ITA,IND,Thread/Yarn,5401,"270,308",40,False
ITA,NPL,Carpets,5703,"242,814",6,False
ITA,CHN,Fireworks,360410,"219,937",508,False
ITA,CHN,Caustic Soda,281511,"202,419",322,False
ITA,NPL,Carpets,5702,"185,481",4,False
ITA,BFA,Cotton,5201,"167,751",75,False
ITA,MMR,Jade,710399,"141,569",0,False
ITA,IND,Thread/Yarn,5508,"107,209",20,False
ITA,IND,Rice,100890,"106,354",58,False
ITA,MMR,Bricks,690220,"87,455",81,False
ITA,CHN,Cotton,5201,"81,658",26,False
ITA,CHN,Thread/Yarn,5207,"68,644",9,False
ITA,PER,Timber,4403,"55,737",37,False
ITA,CHN,Bricks,6901,"55,196",2,False
ITA,ARG,Garments,62,"55,182",0,False
ITA,CHN,Nails,741510,"52,840",5,False
ITA,ARG,Garments,61,"36,454",0,False
ITA,CHN,Bricks,6904,"28,314",57,False
ITA,IND,Bricks,681011,"24,093",25,False
ITA,CHN,Polysilicon,280461,"21,353",0,False
ITA,PAK,Carpets,5703,"17,469",4,False
ITA,IND,Carpets,5704,"10,563",2,False
ITA,CHN,Squid,160554,"8,892",4,False
ITA,CHN,Aluminum,7603,"8,698",1,False
ITA,NPL,Carpets,5705,"8,686",0,False
ITA,BRA,Timber,4403,"5,285",20,False
ITA,CHN,Polyvinyl Chloride,390421,"4,719",1,False
ITA,MMR,"Beans (green, soy, yellow)",1201,"3,815",4,False
ITA,AGO,Diamonds,7102,"2,875",0,False
ITA,IND,Thread/Yarn,5406,"2,742",0,False
ITA,IND,Bricks,6901,"1,155",0,False
ITA,IND,Embellished Textiles,580900,859,0,False
ITA,BRA,Charcoal,4402,430,0,False
ITA,IND,Bricks,6904,267,3,False
ITA,IND,Thread/Yarn,5207,2,0,False
LTU,CHN,Electronics,85,"636,221,988","61,388",False
LTU,BLR,Furniture,94,"31,132,955","22,199",False
LTU,CHN,Footwear,64,"22,994,888","1,716",False
LTU,CHN,Toys,9503,"21,699,087","2,178",False
LTU,CHN,Garments,62,"18,600,871",998,False
LTU,CHN,Garments,61,"14,959,718","1,171",False
LTU,MMR,Rice,1006,"8,224,125","11,373",False
LTU,CHN,Thread/Yarn,5402,"7,872,205","2,445",False
LTU,MYS,Electronics,85,"7,066,261",151,False
LTU,CHN,Artificial Flowers,6702,"2,835,631",236,False
LTU,CHN,Toys,9504,"2,583,736",268,False
LTU,CHN,Christmas Decorations,950510,"2,303,570",236,False
LTU,CHN,Fireworks,360410,"1,943,069",544,False
LTU,CHN,Tomato Products,200290,"1,826,027","1,444",False
LTU,MWI,Tobacco,2401,"1,776,046",399,False
LTU,CHN,Nails,7317,"1,608,999","1,241",False
LTU,CHN,Aluminum,7606,"1,236,915",485,False
LTU,CHN,Aluminum,7604,"1,198,113",301,False
LTU,CHN,Hair Products,670420,"1,133,285",1,False
LTU,CIV,Cocoa,180200,"1,078,540",602,False
LTU,IND,Thread/Yarn,5205,"684,244",173,False
LTU,BGD,Garments,61,"534,504",19,False
LTU,CHN,Toys,950590,"439,998",45,False
LTU,IND,Garments,61,"430,961",17,False
LTU,VNM,Garments,62,"429,409",6,False
LTU,IND,Carpets,5702,"393,016",109,False
LTU,MYS,Rubber Gloves,401519,"389,305",67,False
LTU,BGD,Garments,62,"387,224",11,False
LTU,CHN,Thread/Yarn,5403,"341,007",68,False
LTU,CHN,Thread/Yarn,5508,"330,201",26,False
LTU,CIV,Cocoa,180100,"327,085",59,False
LTU,PAK,Carpets,5701,"286,590",4,False
LTU,IND,Garments,62,"285,797",10,False
LTU,IND,Thread/Yarn,5510,"282,193",12,False
LTU,NGA,Cocoa,180100,"277,112",51,False
LTU,CHN,Christmas Decorations,853922,"231,963",37,False
LTU,CHN,Tomato Products,210390,"217,646",85,False
LTU,CHN,Nails,761610,"211,237",30,False
LTU,NGA,Cocoa,180200,"206,338",253,False
LTU,VNM,Garments,61,"194,961",2,False
LTU,CHN,Thread/Yarn,5509,"153,426",18,False
LTU,CHN,Gloves,420329,"152,838",7,False
LTU,MYS,Garments,61,"147,194",10,False
LTU,CHN,Bricks,690210,"132,681",219,False
LTU,IND,Carpets,5703,"115,623",30,False
LTU,CHN,Thread/Yarn,5205,"108,413",30,False
LTU,IND,Rice,1006,"106,882",175,False
LTU,IND,Thread/Yarn,5402,"86,995",20,False
LTU,IND,Carpets,5705,"53,394",11,False
LTU,CHN,Caustic Soda,281511,"43,626",55,False
LTU,CHN,Thread/Yarn,5401,"38,939",2,False
LTU,CHN,Thread/Yarn,5510,"35,820",5,False
LTU,IND,Bricks,690290,"28,778",76,False
LTU,THA,Garments,62,"28,302",0,False
LTU,MMR,Garments,62,"27,939",3,False
LTU,IND,Bricks,690220,"27,342",7,False
LTU,CHN,Aluminum,7601,"24,605",2,False
LTU,BRA,Garments,61,"24,522",1,False
LTU,BRA,Garments,62,"24,202",0,False
LTU,IND,Tea,210690,"21,554",0,False
LTU,THA,Garments,61,"19,739",1,False
LTU,PAK,Carpets,5702,"19,109",3,False
LTU,IND,Carpets,5701,"13,050",0,False
LTU,CHN,Thread/Yarn,5207,"12,726",1,False
LTU,CHN,Hair Products,670300,"10,926",0,False
LTU,MMR,Garments,61,"8,419",0,False
LTU,CHN,Thread/Yarn,5511,"8,309",1,False
LTU,CHN,Gloves,611691,"7,968",0,False
LTU,IND,Embellished Textiles,540792,"6,305",0,False
LTU,CHN,Bricks,690220,"5,699",2,False
LTU,CHN,Bricks,6901,"5,677",2,False
LTU,IND,Carpets,5704,"5,555",2,False
LTU,CHN,Thread/Yarn,5406,"4,428",0,False
LTU,CHN,Nails,741510,"4,144",0,False
LTU,CHN,Aluminum,7605,"3,668",1,False
LTU,MUS,Garments,62,"3,020",0,False
LTU,NPL,Carpets,5701,"2,921",0,False
LTU,CHN,Thread/Yarn,5204,"2,678",0,False
LTU,MYS,Garments,62,"2,364",0,False
LTU,CHN,Polyvinyl Chloride,390422,"2,028",1,False
LTU,MUS,Garments,61,"1,218",0,False
LTU,IND,Sandstone,251620,"1,109",6,False
LTU,ARG,Garments,61,678,0,False
LTU,CHN,Caustic Soda,281512,345,0,False
LTU,PAK,Carpets,5705,309,0,False
LTU,ARG,Garments,62,290,0,False
LTU,CHN,Thread/Yarn,5206,225,0,False
LTU,PAK,Carpets,5703,221,0,False
LTU,IND,Embellished Textiles,580900,169,0,False
LTU,IND,Thread/Yarn,5204,161,0,False
LTU,IND,Tea,210120,64,0,False
LUX,CHN,Electronics,85,"216,255,003","9,673",False
LUX,CHN,Garments,61,"30,567,305",875,False
LUX,CHN,Garments,62,"28,078,950",606,False
LUX,BGD,Garments,61,"17,897,133",693,False
LUX,CHN,Footwear,64,"16,542,797",628,False
LUX,CHN,Toys,9503,"14,181,239",652,False
LUX,BGD,Garments,62,"13,331,871",377,False
LUX,VNM,Garments,61,"8,325,658",301,False
LUX,VNM,Garments,62,"8,138,291",315,False
LUX,MYS,Electronics,85,"5,908,396",207,False
LUX,CHN,Toys,9504,"3,911,305",107,False
LUX,IND,Garments,61,"3,868,164",135,False
LUX,IND,Garments,62,"3,051,733",66,False
LUX,MMR,Garments,61,"2,125,371",77,False
LUX,MMR,Garments,62,"1,642,805",43,False
LUX,IND,Rice,1006,"1,448,505",592,False
LUX,CHN,Christmas Decorations,950510,"929,251",56,False
LUX,IND,Thread/Yarn,5403,"759,574",125,False
LUX,THA,Garments,62,"722,842",13,False
LUX,CHN,Artificial Flowers,6702,"719,694",44,False
LUX,MWI,Tobacco,2401,"691,986",427,False
LUX,CHN,Toys,950590,"598,803",33,False
LUX,THA,Garments,61,"397,178",12,False
LUX,MUS,Garments,61,"351,296",6,False
LUX,CHN,Tomato Products,210390,"319,964",65,False
LUX,MYS,Garments,62,"273,393",13,False
LUX,MYS,Rubber Gloves,401519,"266,264",26,False
LUX,IND,Carpets,5701,"167,437",9,False
LUX,CHN,Bricks,690210,"161,837",165,False
LUX,MYS,Garments,61,"126,230",4,False
LUX,IND,Carpets,5702,"125,059",26,False
LUX,CHN,Aluminum,7604,"123,128",7,False
LUX,IND,Carpets,5703,"119,303",19,False
LUX,IND,Tea,210690,"87,720",8,False
LUX,CHN,Nails,7317,"85,282",18,False
LUX,CHN,Gloves,420329,"79,076",4,False
LUX,CHN,Thread/Yarn,5511,"63,994",5,False
LUX,IND,Carpets,5705,"62,803",9,False
LUX,MUS,Garments,62,"55,012",1,False
LUX,CHN,Christmas Decorations,853922,"49,581",6,False
LUX,CHN,Hair Products,670420,"38,709",0,False
LUX,CHN,Gloves,611691,"37,793",1,False
LUX,CHN,Thread/Yarn,5207,"29,790",2,False
LUX,CHN,Nails,761610,"27,742",1,False
LUX,PER,Gold,7108,"26,904",7,False
LUX,CHN,Thread/Yarn,5401,"19,778",1,False
LUX,BRA,Garments,62,"19,112",0,False
LUX,BLR,Furniture,94,"11,807",1,False
LUX,CHN,Bricks,6904,"7,030",25,False
LUX,CHN,Thread/Yarn,5406,"6,751",0,False
LUX,CHN,Aluminum,7606,"6,091",0,False
LUX,CHN,Tomato Products,120991,"5,661",0,False
LUX,PAK,Carpets,5702,"5,473",1,False
LUX,MMR,Rice,1006,"5,133",3,False
LUX,CHN,Thread/Yarn,5204,"3,656",0,False
LUX,BRA,Garments,61,"3,408",0,False
LUX,IND,Bricks,690290,"3,217",25,False
LUX,CHN,Thread/Yarn,5509,"2,796",0,False
LUX,CHN,Hair Products,670300,"2,757",0,False
LUX,IND,Tea,210120,"2,595",0,False
LUX,IND,Embellished Textiles,540792,"2,593",0,False
LUX,BRA,Timber,4403,"2,391",32,False
LUX,CHN,Nails,741510,"2,093",0,False
LUX,CHN,Aluminum,7605,"1,473",0,False
LUX,CHN,Thread/Yarn,5508,"1,429",8,False
LUX,IND,Rice,100890,"1,332",0,False
LUX,ARG,Garments,62,756,0,False
LUX,CHN,Fireworks,360410,701,0,False
LUX,CHN,Squid,160554,618,0,False
LUX,CHN,Thread/Yarn,5402,599,0,False
LUX,CHN,Cotton,5201,516,0,False
LUX,CHN,Polyvinyl Chloride,390410,501,0,False
LUX,CHN,Thread/Yarn,5206,495,0,False
LUX,CHN,Bricks,6901,372,0,False
LUX,CHN,Caustic Soda,281512,324,2,False
LUX,ARG,Garments,61,300,0,False
LUX,CHN,Aluminum,7603,266,0,False
LUX,IND,Thread/Yarn,5511,253,0,False
LUX,IND,Thread/Yarn,5508,249,0,False
LUX,CHN,Aluminum,7601,244,0,False
LUX,CHN,Tomato Products,210320,213,0,False
LUX,NPL,Carpets,5702,201,0,False
LUX,IND,Carpets,5704,189,0,False
LUX,PAK,Carpets,5701,180,0,False
LUX,ETH,Textiles (hand-woven),5209,125,0,False
LUX,CHN,Tomato Products,200290,90,0,False
LUX,PAK,Carpets,5703,58,0,False
LUX,IND,Embellished Textiles,580900,57,0,False
LUX,CHN,Coal,2701,32,0,False
LUX,IND,Thread/Yarn,5207,28,0,False
LUX,BRA,Charcoal,4402,20,0,False
LUX,IND,Thread/Yarn,5406,19,0,False
LUX,PAK,Carpets,5705,15,0,False
LUX,IND,Thread/Yarn,5402,13,0,False
LUX,CHN,Polysilicon,280461,9,0,False
LVA,CHN,Electronics,85,"254,032,585","16,391",False
LVA,BLR,Lumber,4703,"7,871,939","13,647",False
LVA,MYS,Electronics,85,"6,042,453",197,False
LVA,CHN,Garments,61,"5,320,960",386,False
LVA,CHN,Footwear,64,"4,828,756",406,False
LVA,CHN,Toys,9503,"3,760,873",326,False
LVA,CHN,Garments,62,"3,670,591",86,False
LVA,CHN,Aluminum,7606,"3,651,860","1,719",False
LVA,CHN,Tomato Products,200290,"3,280,915","2,325",False
LVA,CHN,Toys,9504,"2,770,729",255,False
LVA,BLR,Furniture,94,"2,684,973","1,504",False
LVA,CHN,Christmas Decorations,950510,"1,611,249",200,False
LVA,CHN,Squid,160554,"1,474,225",160,False
LVA,BGD,Garments,61,"1,324,209",71,False
LVA,CHN,Thread/Yarn,5402,"1,171,658",555,False
LVA,KAZ,Cotton,5201,"1,073,223","1,616",False
LVA,MMR,Rice,1006,"784,713","1,077",False
LVA,CHN,Artificial Flowers,6702,"715,948",109,False
LVA,IND,Garments,61,"665,964",37,False
LVA,CHN,Hair Products,670420,"527,126",1,False
LVA,CHN,Aluminum,7604,"477,499",88,False
LVA,THA,Garments,61,"441,990",13,False
LVA,IND,Thread/Yarn,5509,"403,173",159,False
LVA,IND,Thread/Yarn,5510,"399,356",178,False
LVA,MYS,Garments,61,"387,391",11,False
LVA,CHN,Fireworks,360410,"383,155",108,False
LVA,NGA,Cocoa,180100,"331,042",102,False
LVA,CHN,Nails,761610,"325,013",16,False
LVA,IND,Tea,210690,"292,241",15,False
LVA,CHN,Nails,7317,"288,816",184,False
LVA,CHN,Tomato Products,210390,"266,386",104,False
LVA,BGD,Garments,62,"263,390",9,False
LVA,VNM,Garments,62,"262,455",4,False
LVA,IND,Bricks,690290,"225,714",144,False
LVA,CHN,Gloves,420329,"212,271",9,False
LVA,IND,Rice,1006,"204,808",221,False
LVA,IND,Carpets,5705,"187,802",23,False
LVA,IND,Carpets,5703,"183,625",67,False
LVA,IND,Garments,62,"144,490",4,False
LVA,IND,Thread/Yarn,5205,"130,926",25,False
LVA,VNM,Garments,61,"121,156",1,False
LVA,CHN,Thread/Yarn,5401,"114,851",24,False
LVA,IND,Carpets,5702,"100,387",15,False
LVA,IND,Thread/Yarn,5402,"88,971",36,False
LVA,THA,Garments,62,"87,202",2,False
LVA,NPL,Carpets,5701,"83,453",0,False
LVA,CHN,Caustic Soda,281511,"73,643",101,False
LVA,CHN,Toys,950590,"68,011",7,False
LVA,PAK,Carpets,5701,"51,966",1,False
LVA,CHN,Aluminum,7603,"43,480",3,False
LVA,CHN,Thread/Yarn,5508,"42,400",12,False
LVA,CHN,Bricks,690290,"40,195",45,False
LVA,BLR,Lumber,4707,"31,785",120,False
LVA,PAK,Bricks,690220,"30,304",49,False
LVA,CHN,Polysilicon,280461,"25,479",0,False
LVA,CHN,Thread/Yarn,5509,"23,249",4,False
LVA,CHN,Bricks,690220,"17,419",29,False
LVA,BRA,Garments,62,"13,442",0,False
LVA,IND,Carpets,5701,"11,922",0,False
LVA,IND,Rice,100890,"11,722",5,False
LVA,BRA,Garments,61,"8,275",0,False
LVA,MMR,Garments,62,"7,400",0,False
LVA,CHN,Gloves,611691,"7,352",0,False
LVA,CHN,Aluminum,7605,"4,401",1,False
LVA,MMR,Garments,61,"3,522",0,False
LVA,CHN,Thread/Yarn,5204,"3,510",1,False
LVA,IND,Tea,210120,"3,167",0,False
LVA,PAK,Carpets,5702,"2,920",1,False
LVA,MYS,Garments,62,"2,766",0,False
LVA,CHN,Thread/Yarn,5511,"1,986",0,False
LVA,CHN,Bricks,6904,"1,269",3,False
LVA,ARG,Garments,62,999,0,False
LVA,IND,Thread/Yarn,5204,793,0,False
LVA,CHN,Hair Products,670300,576,0,False
LVA,MYS,Rubber Gloves,401519,566,0,False
LVA,CHN,Coal,2701,417,0,False
LVA,MUS,Garments,62,410,0,False
LVA,ARG,Garments,61,253,0,False
LVA,IND,Thread/Yarn,5206,233,0,False
LVA,CHN,Thread/Yarn,5406,229,0,False
LVA,CHN,Thread/Yarn,5510,228,0,False
LVA,CHN,Nails,741510,12,0,False
LVA,CHN,Bricks,6901,1,0,False
LVA,IND,Carpets,5704,1,0,False
MLT,CHN,Electronics,85,"70,377,445","7,529",False
MLT,CHN,Garments,61,"33,457,219","1,899",False
MLT,CHN,Garments,62,"10,216,458",611,False
MLT,CHN,Footwear,64,"5,749,199",964,False
MLT,MYS,Electronics,85,"5,295,107",22,False
MLT,CHN,Toys,9503,"4,353,754",366,False
MLT,CHN,Tomato Products,200290,"2,752,437","1,845",False
MLT,IND,Rice,1006,"2,625,592","1,790",False
MLT,BGD,Garments,61,"2,009,284",131,False
MLT,CHN,Toys,9504,"1,463,110",67,False
MLT,BGD,Garments,62,"1,350,459",54,False
MLT,CHN,Thread/Yarn,5402,"1,265,689",778,False
MLT,CHN,Christmas Decorations,950510,"1,116,005",131,False
MLT,IND,Garments,62,"1,105,299",24,False
MLT,IND,Garments,61,"861,600",29,False
MLT,CHN,Artificial Flowers,6702,"539,833",65,False
MLT,CHN,Toys,950590,"475,788",40,False
MLT,VNM,Garments,61,"206,832",2,False
MLT,CHN,Nails,7317,"205,743",158,False
MLT,MYS,Rubber Gloves,401519,"199,131",21,False
MLT,CHN,Tomato Products,210390,"156,114",68,False
MLT,THA,Garments,61,"136,010",6,False
MLT,MYS,Garments,61,"133,367",5,False
MLT,MMR,Garments,62,"125,442",5,False
MLT,VNM,Garments,62,"121,589",2,False
MLT,IND,Carpets,5703,"121,408",11,False
MLT,CHN,Hair Products,670420,"113,845",0,False
MLT,CHN,Aluminum,7604,"99,714",15,False
MLT,THA,Garments,62,"52,219",2,False
MLT,ARG,Garments,61,"51,894",0,False
MLT,BRA,Garments,62,"46,209",1,False
MLT,CHN,Aluminum,7606,"46,172",14,False
MLT,IND,Carpets,5705,"45,784",6,False
MLT,IND,Tea,210690,"43,070",6,False
MLT,BRA,Garments,61,"28,018",2,False
MLT,PAK,Carpets,5702,"26,550",4,False
MLT,MMR,Garments,61,"22,794",1,False
MLT,CHN,Thread/Yarn,5406,"21,034",4,False
MLT,IND,Carpets,5701,"20,306",1,False
MLT,IND,Carpets,5702,"18,499",2,False
MLT,CHN,Gloves,420329,"14,429",1,False
MLT,PAK,Carpets,5705,"14,072",2,False
MLT,CHN,Tomato Products,120991,"11,211",0,False
MLT,IND,Bricks,690220,"9,069",26,False
MLT,ARG,Garments,62,"6,542",0,False
MLT,CHN,Polyvinyl Chloride,390410,"6,502",3,False
MLT,MYS,Garments,62,"6,441",1,False
MLT,CHN,Bricks,690290,"5,342",0,False
MLT,CHN,Hair Products,670300,"4,940",0,False
MLT,CHN,Bricks,690220,"4,897",0,False
MLT,CHN,Nails,761610,"4,626",2,False
MLT,CHN,Thread/Yarn,5401,"4,585",1,False
MLT,CHN,Christmas Decorations,853922,"4,416",0,False
MLT,CHN,Thread/Yarn,5508,"4,322",0,False
MLT,PAK,Carpets,5701,"3,638",2,False
MLT,BRA,Charcoal,4402,"2,990",2,False
MLT,CHN,Polyvinyl Chloride,390421,"2,217",1,False
MLT,CHN,Cotton,5201,"2,199",0,False
MLT,PAK,Carpets,5703,"2,152",0,False
MLT,CHN,Nails,741510,"1,978",0,False
MLT,CHN,Thread/Yarn,5204,"1,887",0,False
MLT,CHN,Bricks,681011,"1,520",1,False
MLT,CHN,Bricks,6901,"1,499",0,False
MLT,CHN,Gloves,611691,"1,419",0,False
MLT,MUS,Garments,62,"1,249",0,False
MLT,IND,Embellished Textiles,540792,"1,173",0,False
MLT,CHN,Caustic Soda,281512,"1,135",1,False
MLT,CHN,Aluminum,7605,828,0,False
MLT,CHN,Thread/Yarn,5207,731,0,False
MLT,CHN,Aluminum,7601,698,0,False
MLT,CHN,Bricks,6904,677,1,False
MLT,IND,Thread/Yarn,5207,645,0,False
MLT,MUS,Garments,61,347,0,False
MLT,IND,Bricks,6904,345,0,False
MLT,BLR,Furniture,94,333,0,False
MLT,ETH,Textiles (hand-woven),5209,329,0,False
MLT,CHN,Thread/Yarn,5206,283,0,False
MLT,IND,Thread/Yarn,5204,210,0,False
MLT,IND,Tea,210120,179,0,False
MLT,IND,Bricks,690290,168,0,False
MLT,CHN,Caustic Soda,281511,157,0,False
MLT,IND,Carpets,5704,143,0,False
MLT,IND,Embellished Textiles,580900,142,0,False
MLT,IND,Sugarcane,121293,136,0,False
MLT,CHN,Polyvinyl Chloride,390422,102,0,False
MLT,BRA,Timber,4403,57,0,False
MLT,CHN,Thread/Yarn,5511,55,0,False
MLT,PAK,Carpets,5704,49,0,False
MLT,IND,Bricks,6901,44,0,False
MLT,PAK,Cotton,5201,30,0,False
MLT,CHN,Thread/Yarn,5205,25,0,False
MLT,CHN,Fireworks,360410,2,0,False
NLD,CHN,Electronics,85,"20,250,738,919","1,383,346",False
NLD,MYS,Electronics,85,"1,902,254,350","18,626",False
NLD,CHN,Garments,61,"1,680,284,255","101,303",False
NLD,CHN,Garments,62,"1,441,291,046","68,495",False
NLD,CIV,Cocoa,180100,"1,234,866,854","251,347",False
NLD,CHN,Toys,9504,"875,303,294","28,615",False
NLD,BGD,Garments,61,"861,431,462","59,712",False
NLD,CHN,Toys,9503,"831,042,022","120,406",False
NLD,NGA,Cocoa,180100,"775,740,575","142,561",False
NLD,CHN,Footwear,64,"702,009,526","62,028",False
NLD,BGD,Garments,62,"561,517,119","33,633",False
NLD,VNM,Garments,61,"377,101,704","20,608",False
NLD,VNM,Garments,62,"325,358,031","17,341",False
NLD,IND,Garments,62,"306,168,365","8,273",False
NLD,IND,Garments,61,"301,318,547","10,698",False
NLD,CHN,Christmas Decorations,950510,"188,538,642","26,497",False
NLD,CHN,Artificial Flowers,6702,"163,961,236","15,121",False
NLD,IDN,Nickel,7501,"135,312,459","13,452",False
NLD,MMR,Garments,62,"114,910,759","4,238",False
NLD,CHN,Metallurgical Grade Silicon,280469,"114,488,194","31,973",False
NLD,IND,Rice,1006,"96,439,836","98,175",False
NLD,IDN,Nickel,720260,"79,726,598","91,628",False
NLD,CHN,Toys,950590,"68,602,924","11,120",False
NLD,CHN,Thread/Yarn,5402,"60,307,593","21,381",False
NLD,MMR,Garments,61,"48,498,583","2,048",False
NLD,CHN,Aluminum,7604,"36,294,590","5,776",False
NLD,CHN,Fireworks,360410,"36,260,199","14,543",False
NLD,CHN,Aluminum,7606,"35,937,222","9,213",False
NLD,CHN,Tomato Products,210390,"33,478,539","10,657",False
NLD,MYS,Garments,61,"33,372,247","1,545",False
NLD,THA,Garments,61,"29,570,543",821,False
NLD,IND,Carpets,5702,"24,029,581","3,055",False
NLD,CHN,Tomato Products,120991,"18,278,851",357,False
NLD,IND,Thread/Yarn,5402,"17,984,259","5,649",False
NLD,MMR,Rice,1006,"17,911,928","37,669",False
NLD,CHN,Coal,2701,"16,189,203","41,353",False
NLD,MYS,Rubber Gloves,401519,"15,749,145","3,496",False
NLD,IDN,Nickel,7502,"15,012,887",578,False
NLD,IND,Tea,210690,"14,674,606","3,126",False
NLD,IND,Carpets,5703,"13,827,663","2,836",False
NLD,MUS,Garments,62,"13,060,308",348,False
NLD,CHN,Nails,7317,"12,410,964","4,878",False
NLD,CHN,Bricks,690210,"10,856,050","6,938",False
NLD,BFA,Cotton,5201,"9,977,775","5,000",False
NLD,THA,Garments,62,"9,961,437",237,False
NLD,IND,Carpets,5705,"9,286,851","1,389",False
NLD,CHN,Hair Products,670420,"9,181,983",27,False
NLD,MWI,Tobacco,2401,"7,235,250","2,832",False
NLD,CHN,Gloves,420329,"7,151,651",415,False
NLD,CHN,Aluminum,7601,"5,943,604","5,320",False
NLD,CHN,Thread/Yarn,5406,"5,772,780","1,052",False
NLD,CHN,Thread/Yarn,5207,"4,920,167",743,False
NLD,MYS,Garments,62,"4,330,432",135,False
NLD,CHN,Bricks,690220,"4,139,442","3,945",False
NLD,CHN,Nails,761610,"3,927,693",160,False
NLD,MUS,Garments,61,"3,727,081",91,False
NLD,CHN,Tomato Products,200290,"3,012,361","1,419",False
NLD,IND,Thread/Yarn,5205,"2,983,999",742,False
NLD,CHN,Bricks,690290,"2,753,998",700,False
NLD,CHN,Thread/Yarn,5511,"2,724,480",532,False
NLD,CHN,Thread/Yarn,5401,"2,316,609",388,False
NLD,IND,Carpets,5701,"1,877,005",90,False
NLD,BLR,Furniture,94,"1,815,839",493,False
NLD,CHN,Gloves,611691,"1,814,542",23,False
NLD,IND,Bricks,690220,"1,607,718",937,False
NLD,CHN,Aluminum,7605,"1,562,338",607,False
NLD,CHN,Thread/Yarn,5508,"1,534,977",269,False
NLD,IND,Embellished Textiles,540792,"1,529,303",115,False
NLD,IND,Thread/Yarn,5204,"1,185,324",99,False
NLD,PER,Gold,7108,"898,816",166,False
NLD,BRA,Garments,61,"834,174",11,False
NLD,CHN,Polysilicon,280461,"772,921","1,180",False
NLD,PAK,Carpets,5701,"769,296",38,False
NLD,BRA,Garments,62,"743,286",8,False
NLD,CHN,Christmas Decorations,853922,"706,058",69,False
NLD,IND,Rice,100890,"705,293",374,False
NLD,CHN,Bricks,6904,"671,954",956,False
NLD,IND,Sandstone,251620,"554,290","4,681",False
NLD,CHN,Aluminum,7603,"492,708",36,False
NLD,CHN,Thread/Yarn,5509,"480,357",114,False
NLD,CHN,Bricks,681011,"474,988",640,False
NLD,CHN,Thread/Yarn,5403,"459,045",51,False
NLD,IND,Thread/Yarn,5403,"457,371",57,False
NLD,CHN,Thread/Yarn,5204,"430,230",56,False
NLD,CHN,Hair Products,670300,"425,128",3,False
NLD,CHN,Squid,160554,"318,540",37,False
NLD,IND,Tea,210120,"312,097",35,False
NLD,CHN,Thread/Yarn,5205,"220,971",44,False
NLD,IND,Carpets,5704,"180,420",57,False
NLD,CHN,Caustic Soda,281511,"175,121",202,False
NLD,IND,Bricks,690210,"173,052",172,False
NLD,IND,Bricks,690290,"161,715",125,False
NLD,IND,Thread/Yarn,5509,"158,348",63,False
NLD,IND,Thread/Yarn,5207,"146,545",9,False
NLD,CHN,Polyvinyl Chloride,390422,"133,441",35,False
NLD,NPL,Carpets,5701,"115,655",4,False
NLD,CHN,Tomato Products,210320,"109,748",85,False
NLD,CHN,Polyvinyl Chloride,390410,"105,684",72,False
NLD,CHN,Thread/Yarn,5206,"94,009",13,False
NLD,PAK,Carpets,5705,"88,935",18,False
NLD,BOL,Peanuts,1202,"82,328",56,False
NLD,IND,Thread/Yarn,5510,"79,434",23,False
NLD,CHN,Nails,741510,"77,210",10,False
NLD,CHN,Cotton,5201,"71,154",3,False
NLD,PAK,Carpets,5702,"64,359",10,False
NLD,IND,Bricks,6901,"60,872",21,False
NLD,ARG,Garments,61,"51,530",1,False
NLD,CHN,Bricks,6901,"40,713",19,False
NLD,BRA,Timber,4403,"40,391",155,False
NLD,IND,Thread/Yarn,5511,"37,910",8,False
NLD,PAK,Carpets,5703,"36,337",6,False
NLD,BOL,Corn,100590,"30,036",60,False
NLD,CHN,Thread/Yarn,5510,"19,261",1,False
NLD,ARG,Garments,62,"18,543",0,False
NLD,IND,Embellished Textiles,540791,"17,301",2,False
NLD,CHN,Polyvinyl Chloride,390421,"10,352",6,False
NLD,NPL,Carpets,5703,"7,769",1,False
NLD,CHN,Caustic Soda,281512,"3,973",1,False
NLD,IND,Embellished Textiles,580900,"2,725",0,False
NLD,ETH,Textiles (hand-woven),5209,"2,313",0,False
NLD,PAK,Cotton,5201,"2,213",0,False
NLD,IND,Bricks,681011,"1,787",2,False
NLD,IND,Thread/Yarn,5508,"1,751",0,False
NLD,CHN,Tomato Products,200950,"1,434",4,False
NLD,PAK,Bricks,6904,"1,060",11,False
NLD,IND,Thread/Yarn,5206,962,0,False
NLD,IND,Sugarcane,121293,612,0,False
NLD,NGA,Cocoa,180200,610,4,False
NLD,BRA,Charcoal,4402,285,0,False
NLD,IDN,Palm Fruit,120710,238,0,False
NLD,DOM,Sugarcane,121293,201,0,False
NLD,PER,Timber,4403,162,0,False
NLD,IND,Thread/Yarn,5401,136,0,False
NLD,MYS,Palm Fruit,120710,111,0,False
NLD,CHN,Polyvinyl Chloride,391530,98,0,False
NLD,ETH,Textiles (hand-woven),5208,77,0,False
NLD,NPL,Carpets,5702,30,0,False
NLD,NPL,Carpets,5705,21,0,False
NLD,IND,Bricks,6904,16,0,False
NLD,CIV,Cocoa,180200,15,0,False
NLD,MMR,"Beans (green, soy, yellow)",1201,4,0,False
NLD,MMR,Bamboo,482361,1,0,False
NLD,IND,Thread/Yarn,5406,1,0,False
NOR,CHN,Electronics,85,"2,598,923,550","305,003",False
NOR,CHN,Garments,62,"484,570,235","10,583",False
NOR,CHN,Garments,61,"415,809,484","12,237",False
NOR,BGD,Garments,61,"206,034,199","7,491",False
NOR,CHN,Footwear,64,"201,781,212","6,882",False
NOR,BGD,Garments,62,"139,077,902","4,034",False
NOR,CHN,Toys,9503,"120,180,348","7,429",False
NOR,MYS,Electronics,85,"112,600,288",855,False
NOR,CHN,Toys,9504,"83,620,326","1,646",False
NOR,VNM,Garments,62,"76,909,674",936,False
NOR,IND,Garments,62,"70,524,799","1,432",False
NOR,IDN,Nickel,7501,"63,888,252","6,916",False
NOR,CHN,Metallurgical Grade Silicon,280469,"58,156,577","24,922",False
NOR,VNM,Garments,61,"42,679,673",567,False
NOR,CHN,Christmas Decorations,950510,"29,947,686","2,782",False
NOR,IND,Garments,61,"27,446,831",797,False
NOR,MMR,Garments,62,"17,392,624",525,False
NOR,CHN,Toys,950590,"14,178,545",777,False
NOR,CHN,Artificial Flowers,6702,"13,579,228","1,060",False
NOR,MMR,Garments,61,"13,292,414",596,False
NOR,IND,Carpets,5702,"11,674,092","1,116",False
NOR,CHN,Gloves,420329,"10,482,403",256,False
NOR,THA,Garments,61,"9,414,018",155,False
NOR,THA,Garments,62,"8,690,151",73,False
NOR,CHN,Aluminum,7604,"8,342,184","2,013",False
NOR,CHN,Aluminum,7606,"7,700,459","2,125",False
NOR,CHN,Aluminum,7601,"6,929,805","1,968",False
NOR,MYS,Rubber Gloves,401519,"5,966,899",822,False
NOR,CHN,Fireworks,360410,"5,603,849","1,552",False
NOR,CHN,Thread/Yarn,5402,"5,107,819","1,497",False
NOR,CHN,Hair Products,670420,"4,850,252",11,False
NOR,CHN,Nails,7317,"4,039,317","1,171",False
NOR,IND,Rice,1006,"3,768,469","2,448",False
NOR,IND,Carpets,5703,"2,339,680",347,False
NOR,CHN,Bricks,690290,"2,302,809",671,False
NOR,CHN,Tomato Products,200290,"1,992,731","1,222",False
NOR,MYS,Garments,61,"1,751,080",45,False
NOR,CHN,Gloves,611691,"1,501,179",27,False
NOR,IND,Carpets,5705,"1,457,727",347,False
NOR,CHN,Tomato Products,210390,"1,215,194",202,False
NOR,MMR,Rice,1006,"1,071,169","1,448",False
NOR,CHN,Coal,2701,"1,047,715","2,159",False
NOR,CHN,Bricks,690210,"982,992",526,False
NOR,CHN,Nails,761610,"959,455",67,False
NOR,IND,Carpets,5701,"885,290",74,False
NOR,CHN,Aluminum,7605,"825,455",222,False
NOR,CHN,Christmas Decorations,853922,"741,432",19,False
NOR,IND,Thread/Yarn,5205,"587,593",31,False
NOR,IND,Thread/Yarn,5510,"531,088",75,False
NOR,ARG,Garments,62,"504,748",5,False
NOR,IND,Thread/Yarn,5204,"460,776",37,False
NOR,CHN,Thread/Yarn,5401,"447,763",13,False
NOR,MUS,Garments,62,"425,682",5,False
NOR,IND,Thread/Yarn,5206,"420,636",35,False
NOR,IND,Bricks,690290,"390,393",277,False
NOR,CHN,Thread/Yarn,5207,"368,652",29,False
NOR,IND,Tea,210690,"366,321",20,False
NOR,CHN,Bricks,690220,"361,655",147,False
NOR,IND,Thread/Yarn,5509,"306,422",82,False
NOR,PAK,Carpets,5701,"254,561",9,False
NOR,CHN,Thread/Yarn,5509,"242,734",13,False
NOR,CHN,Thread/Yarn,5511,"238,371",31,False
NOR,MUS,Garments,61,"237,304",1,False
NOR,CHN,Tomato Products,120991,"227,333",2,False
NOR,IND,Bricks,690220,"168,494",110,False
NOR,CHN,Caustic Soda,281511,"162,412",225,False
NOR,MYS,Garments,62,"159,549",2,False
NOR,PAK,Carpets,5702,"146,294",14,False
NOR,IND,Thread/Yarn,5401,"144,993",7,False
NOR,PER,Gold,7108,"137,675",22,False
NOR,IND,Thread/Yarn,5207,"131,594",7,False
NOR,CHN,Nails,741510,"115,498",47,False
NOR,CHN,Thread/Yarn,5406,"89,934",14,False
NOR,CHN,Thread/Yarn,5205,"84,521",4,False
NOR,CHN,Thread/Yarn,5508,"81,541",4,False
NOR,CHN,Cotton,5201,"76,511",6,False
NOR,NPL,Carpets,5705,"67,887",4,False
NOR,IND,Embellished Textiles,540792,"47,337",1,False
NOR,CHN,Thread/Yarn,5206,"40,012",3,False
NOR,NPL,Carpets,5701,"38,735",0,False
NOR,CHN,Bricks,681011,"36,405",170,False
NOR,BRA,Garments,62,"35,253",0,False
NOR,CHN,Hair Products,670300,"35,178",1,False
NOR,NPL,Carpets,5702,"33,564",1,False
NOR,IND,Thread/Yarn,5402,"30,848",5,False
NOR,CHN,Bricks,6904,"30,191",27,False
NOR,IND,Carpets,5704,"28,141",9,False
NOR,BRA,Garments,61,"26,746",0,False
NOR,CHN,Thread/Yarn,5204,"20,740",1,False
NOR,BRA,Timber,4403,"16,111",11,False
NOR,CHN,Squid,160554,"15,813",2,False
NOR,CHN,Polyvinyl Chloride,390410,"14,311",10,False
NOR,CHN,Thread/Yarn,5403,"9,983",0,False
NOR,IND,Thread/Yarn,5508,"9,748",1,False
NOR,CHN,Bricks,6901,"7,878",1,False
NOR,PAK,Sugarcane,121293,"6,662",2,False
NOR,IND,Tea,210120,"5,864",0,False
NOR,PAK,Carpets,5705,"5,510",0,False
NOR,BLR,Furniture,94,"5,298",1,False
NOR,NGA,Cocoa,180100,"4,472",0,False
NOR,ARG,Garments,61,"4,309",0,False
NOR,NPL,Carpets,5703,"4,089",0,False
NOR,CHN,Caustic Soda,281512,"3,913",2,False
NOR,IND,Thread/Yarn,5511,"3,152",0,False
NOR,PAK,Carpets,5703,"2,760",0,False
NOR,IND,Sandstone,251620,"2,278",6,False
NOR,IND,Embellished Textiles,540791,"1,997",0,False
NOR,CHN,Thread/Yarn,5510,"1,836",0,False
NOR,IND,Rice,100890,"1,498",1,False
NOR,IND,Sugarcane,121293,"1,245",0,False
NOR,ETH,Textiles (hand-woven),5209,"1,039",0,False
NOR,BRA,Charcoal,4402,912,1,False
NOR,CHN,Aluminum,7603,708,0,False
NOR,IND,Bricks,6901,679,0,False
NOR,IND,Thread/Yarn,5406,635,0,False
NOR,CHN,Polyvinyl Chloride,390422,315,0,False
NOR,IND,Cottonseed (hybrid),120729,289,0,False
NOR,BOL,Corn,100590,196,0,False
NOR,IND,Bricks,681011,141,0,False
NOR,IND,Embellished Textiles,580900,119,0,False
NOR,CHN,Tomato Products,210320,114,0,False
NOR,PAK,Cotton,5201,106,0,False
NOR,IND,Bricks,6904,7,0,False
POL,CHN,Electronics,85,"16,114,083,459","837,197",False
POL,BGD,Garments,61,"2,008,201,445","121,974",False
POL,CHN,Garments,61,"1,770,291,525","92,691",False
POL,CHN,Garments,62,"1,701,364,718","63,248",False
POL,BGD,Garments,62,"1,681,826,460","82,082",False
POL,CHN,Footwear,64,"1,391,254,866","89,722",False
POL,CHN,Toys,9503,"731,554,850","78,207",False
POL,MYS,Electronics,85,"533,687,010","9,896",False
POL,VNM,Garments,62,"388,095,861","8,939",False
POL,MMR,Garments,62,"324,930,365","23,629",False
POL,CHN,Toys,9504,"307,727,437","10,848",False
POL,IND,Garments,61,"298,130,695","13,145",False
POL,VNM,Garments,61,"252,005,718","6,318",False
POL,IND,Garments,62,"201,375,891","4,966",False
POL,CHN,Aluminum,7606,"186,273,644","55,923",False
POL,MMR,Garments,61,"171,596,202","15,273",False
POL,CHN,Artificial Flowers,6702,"142,351,843","14,973",False
POL,CHN,Thread/Yarn,5402,"68,807,352","32,846",False
POL,BLR,Furniture,94,"64,288,778","39,018",False
POL,CHN,Christmas Decorations,950510,"52,552,618","7,305",False
POL,MMR,Rice,1006,"45,869,921","78,213",False
POL,CHN,Toys,950590,"37,536,012","4,287",False
POL,MWI,Tobacco,2401,"34,185,856","8,625",False
POL,CHN,Fireworks,360410,"31,522,369","9,534",False
POL,CIV,Cocoa,180100,"26,101,127","5,955",False
POL,CHN,Aluminum,7604,"21,418,760","4,502",False
POL,CHN,Tomato Products,200290,"20,352,243","19,496",False
POL,THA,Garments,61,"13,030,692",199,False
POL,MYS,Rubber Gloves,401519,"11,024,069","1,094",False
POL,CHN,Thread/Yarn,5509,"9,772,078","3,037",False
POL,IND,Carpets,5703,"9,684,974","2,234",False
POL,CHN,Gloves,420329,"9,661,887",561,False
POL,CHN,Nails,7317,"9,577,272","6,472",False
POL,IND,Carpets,5702,"9,567,985","2,006",False
POL,CHN,Hair Products,670420,"8,779,277",25,False
POL,CIV,Cocoa,180200,"7,666,864","2,460",False
POL,MYS,Garments,61,"7,113,822",343,False
POL,IND,Thread/Yarn,5205,"6,833,171","2,157",False
POL,IND,Thread/Yarn,5402,"5,965,664","4,020",False
POL,THA,Garments,62,"5,853,478",84,False
POL,CHN,Bricks,690210,"5,602,394","3,455",False
POL,IND,Rice,1006,"5,398,544","3,917",False
POL,CHN,Thread/Yarn,5401,"4,645,709",486,False
POL,CHN,Thread/Yarn,5508,"3,838,144",841,False
POL,CHN,Tomato Products,210390,"3,611,973","1,267",False
POL,IND,Thread/Yarn,5206,"3,321,731","1,076",False
POL,CHN,Nails,761610,"3,317,033",352,False
POL,IND,Carpets,5705,"3,268,884","1,290",False
POL,CHN,Thread/Yarn,5511,"3,263,804",369,False
POL,CHN,Christmas Decorations,853922,"3,249,561",159,False
POL,BLR,Lumber,4703,"2,707,908","3,118",False
POL,IDN,Nickel,7502,"2,403,444",145,False
POL,CHN,Thread/Yarn,5406,"2,277,700",139,False
POL,IND,Thread/Yarn,5509,"2,252,559",921,False
POL,CHN,Metallurgical Grade Silicon,280469,"2,128,457",617,False
POL,IND,Tea,210690,"1,934,859",77,False
POL,MUS,Garments,62,"1,894,535",66,False
POL,CHN,Coal,2701,"1,631,288","2,813",False
POL,CHN,Aluminum,7605,"1,526,667",373,False
POL,CHN,Bricks,690220,"1,509,380",965,False
POL,CHN,Gloves,611691,"1,496,789",15,False
POL,MUS,Garments,61,"1,488,887",31,False
POL,CHN,Thread/Yarn,5510,"1,403,771",704,False
POL,CHN,Tomato Products,120991,"1,374,248",23,False
POL,MYS,Garments,62,"1,141,306",22,False
POL,IND,Bricks,690220,"1,112,657",162,False
POL,CHN,Caustic Soda,281511,"946,472","1,541",False
POL,CHN,Aluminum,7601,"910,686",181,False
POL,CHN,Thread/Yarn,5403,"886,774",168,False
POL,CHN,Squid,160554,"839,874",86,False
POL,CHN,Thread/Yarn,5206,"674,638",367,False
POL,CHN,Thread/Yarn,5205,"668,687",161,False
POL,CHN,Thread/Yarn,5207,"506,059",77,False
POL,NGA,Cocoa,180100,"465,835",50,False
POL,IND,Thread/Yarn,5510,"464,390",137,False
POL,CHN,Bricks,690290,"427,101",256,False
POL,CHN,Aluminum,7603,"410,286",64,False
POL,IND,Carpets,5701,"376,877",18,False
POL,BRA,Garments,62,"368,651",3,False
POL,CHN,Bricks,6904,"337,493",110,False
POL,CHN,Polyvinyl Chloride,390410,"294,160",202,False
POL,ARG,Garments,62,"275,335",2,False
POL,CHN,Polyvinyl Chloride,390422,"252,679",105,False
POL,PER,Gold,7108,"189,643",79,False
POL,IND,Thread/Yarn,5207,"163,163",12,False
POL,IND,Carpets,5704,"155,236",45,False
POL,IND,Bricks,690290,"150,666",32,False
POL,PAK,Carpets,5702,"131,140",22,False
POL,CHN,Bricks,6901,"124,094",35,False
POL,CHN,Thread/Yarn,5204,"122,967",15,False
POL,IND,Thread/Yarn,5204,"122,225",14,False
POL,IND,Thread/Yarn,5401,"119,009",32,False
POL,CHN,Polyvinyl Chloride,390421,"106,913",64,False
POL,IND,Sandstone,251620,"104,665",266,False
POL,ARG,Garments,61,"87,579",1,False
POL,IND,Bricks,690210,"82,423",20,False
POL,IND,Thread/Yarn,5508,"81,782",2,False
POL,BRA,Garments,61,"81,226",1,False
POL,IND,Rice,100890,"75,030",84,False
POL,CHN,Hair Products,670300,"71,431",2,False
POL,IND,Thread/Yarn,5403,"67,781",15,False
POL,PAK,Cotton,5201,"65,540",31,False
POL,PAK,Carpets,5701,"52,439",1,False
POL,PAK,Carpets,5705,"39,600",3,False
POL,IND,Bricks,681011,"35,523",38,False
POL,IND,Embellished Textiles,540792,"35,360",3,False
POL,PAK,Carpets,5703,"32,663",5,False
POL,CHN,Nails,741510,"28,595",2,False
POL,PAK,Bricks,690210,"28,574",144,False
POL,CHN,Polysilicon,280461,"24,520",10,False
POL,IND,Tea,210120,"20,052",1,False
POL,IND,Thread/Yarn,5406,"19,502",11,False
POL,CHN,Cotton,5201,"19,245",1,False
POL,IND,Bricks,6901,"13,789",23,False
POL,PAK,Bricks,690220,"6,605",25,False
POL,KAZ,Cotton,5201,"4,782",3,False
POL,NPL,Carpets,5701,"3,254",0,False
POL,CHN,Bricks,681011,"3,221",1,False
POL,BLR,Lumber,470500,"2,304",20,False
POL,IND,Thread/Yarn,5511,"1,729",0,False
POL,BOL,Peanuts,1202,"1,158",1,False
POL,IND,Embellished Textiles,580900,865,0,False
POL,NPL,Carpets,5705,554,0,False
POL,IND,Cottonseed (hybrid),120721,426,0,False
POL,CHN,Tomato Products,210320,215,0,False
POL,CHN,Tomato Products,200950,157,0,False
POL,BLR,Lumber,4707,87,0,False
POL,CHN,Polyvinyl Chloride,391530,62,0,False
PRT,CHN,Electronics,85,"1,669,119,852","343,745",False
PRT,IND,Thread/Yarn,5205,"125,882,205","37,808",False
PRT,CHN,Garments,62,"112,640,599","5,726",False
PRT,CHN,Garments,61,"98,389,312","8,635",False
PRT,CHN,Footwear,64,"93,398,707","11,411",False
PRT,BGD,Garments,61,"70,779,265","5,518",False
PRT,CHN,Thread/Yarn,5402,"52,892,954","24,564",False
PRT,BRA,Timber,4403,"52,578,593","574,521",False
PRT,MYS,Electronics,85,"44,203,448","1,478",False
PRT,BGD,Garments,62,"39,039,217","2,407",False
PRT,CHN,Toys,9503,"35,883,671","4,261",False
PRT,IND,Garments,62,"32,142,105",956,False
PRT,IND,Garments,61,"18,784,087",940,False
PRT,CHN,Christmas Decorations,950510,"18,321,957","1,356",False
PRT,MWI,Tobacco,2401,"14,416,523","3,207",False
PRT,IND,Thread/Yarn,5509,"12,906,500","4,841",False
PRT,CHN,Artificial Flowers,6702,"10,652,715","1,414",False
PRT,IND,Thread/Yarn,5402,"7,668,231","4,444",False
PRT,IND,Rice,1006,"7,342,161","6,497",False
PRT,MMR,Rice,1006,"6,980,386","11,149",False
PRT,IND,Thread/Yarn,5403,"6,509,327",987,False
PRT,MMR,Garments,62,"5,481,353",409,False
PRT,CHN,Toys,9504,"5,381,388",652,False
PRT,CHN,Thread/Yarn,5509,"5,225,788","1,360",False
PRT,CHN,Toys,950590,"4,343,545",562,False
PRT,IND,Thread/Yarn,5510,"4,299,528","1,333",False
PRT,CIV,Cocoa,180200,"3,838,246","1,859",False
PRT,CHN,Fireworks,360410,"3,590,495","1,077",False
PRT,IND,Bricks,690220,"3,232,599",395,False
PRT,CHN,Aluminum,7604,"3,010,832",510,False
PRT,CHN,Aluminum,7606,"2,985,953",925,False
PRT,CHN,Thread/Yarn,5205,"2,959,890",517,False
PRT,CHN,Bricks,690220,"2,881,551",824,False
PRT,IND,Carpets,5705,"2,817,888",353,False
PRT,BRA,Garments,61,"2,767,319",68,False
PRT,MMR,Garments,61,"2,716,352",138,False
PRT,BRA,Garments,62,"2,415,032",48,False
PRT,CHN,Tomato Products,200290,"2,075,641","2,144",False
PRT,IND,Carpets,5702,"1,960,415",479,False
PRT,IND,Thread/Yarn,5206,"1,646,822",676,False
PRT,CHN,Tomato Products,210390,"1,579,870",558,False
PRT,CHN,Thread/Yarn,5508,"1,404,342",421,False
PRT,CHN,Nails,7317,"1,364,423","1,229",False
PRT,BEN,Cotton,5201,"1,161,366",596,False
PRT,IND,Bricks,690290,"1,059,200",227,False
PRT,VNM,Garments,62,"999,597",21,False
PRT,CHN,Hair Products,670420,"934,225",4,False
PRT,IND,Carpets,5703,"932,335",348,False
PRT,VNM,Garments,61,"852,491",20,False
PRT,CHN,Thread/Yarn,5401,"819,130",260,False
PRT,THA,Garments,62,"530,823",20,False
PRT,TKM,Cotton,5201,"434,465",369,False
PRT,MYS,Garments,61,"343,894",19,False
PRT,CHN,Nails,761610,"298,433",10,False
PRT,CHN,Tomato Products,120991,"254,178",0,False
PRT,MYS,Rubber Gloves,401519,"253,565",27,False
PRT,CHN,Gloves,420329,"230,737",22,False
PRT,IND,Embellished Textiles,540792,"215,853",45,False
PRT,CHN,Thread/Yarn,5511,"190,160",37,False
PRT,THA,Garments,61,"184,204",7,False
PRT,CHN,Thread/Yarn,5406,"163,072",23,False
PRT,CHN,Thread/Yarn,5207,"160,036",12,False
PRT,MUS,Garments,62,"152,278",5,False
PRT,CHN,Hair Products,670300,"142,380",7,False
PRT,CHN,Thread/Yarn,5403,"111,613",22,False
PRT,NPL,Carpets,5701,"107,961",1,False
PRT,IND,Carpets,5701,"107,274",4,False
PRT,CHN,Polyvinyl Chloride,390422,"96,928",118,False
PRT,MYS,Garments,62,"93,687",1,False
PRT,CHN,Christmas Decorations,853922,"92,339",27,False
PRT,CHN,Aluminum,7605,"84,765",15,False
PRT,CHN,Squid,160554,"83,581",23,False
PRT,CHN,Polyvinyl Chloride,390410,"81,464",129,False
PRT,ETH,Textiles (hand-woven),5209,"81,428",27,False
PRT,PER,Gold,7108,"75,637",45,False
PRT,CHN,Nails,741510,"70,458",1,False
PRT,IND,Thread/Yarn,5401,"70,155",9,False
PRT,CHN,Bricks,681011,"69,365",72,False
PRT,IND,Thread/Yarn,5204,"66,561",7,False
PRT,IND,Tea,210690,"66,193",22,False
PRT,CHN,Thread/Yarn,5510,"63,881",14,False
PRT,CHN,Bricks,690290,"61,311",10,False
PRT,CHN,Thread/Yarn,5206,"56,820",44,False
PRT,TJK,Cotton,5201,"56,169",21,False
PRT,CHN,Thread/Yarn,5204,"49,331",8,False
PRT,MMR,Rubber,4001,"35,537",21,False
PRT,CHN,Aluminum,7601,"30,233",2,False
PRT,CHN,Caustic Soda,281511,"28,158",52,False
PRT,PAK,Carpets,5701,"26,159",1,False
PRT,BLR,Furniture,94,"20,085",1,False
PRT,CHN,Polyvinyl Chloride,390421,"18,836",4,False
PRT,IND,Sandstone,251620,"18,684",41,False
PRT,PAK,Carpets,5702,"17,869",1,False
PRT,CHN,Bricks,6904,"16,438",33,False
PRT,IND,Carpets,5704,"14,503",4,False
PRT,ARG,Garments,61,"12,666",0,False
PRT,CHN,Caustic Soda,281512,"11,142",25,False
PRT,CHN,Cotton,5201,"8,913",1,False
PRT,ARG,Garments,62,"6,935",0,False
PRT,MUS,Garments,61,"6,129",0,False
PRT,IND,Thread/Yarn,5511,"4,439",0,False
PRT,PER,Timber,4403,"3,537",0,False
PRT,IND,Thread/Yarn,5207,"3,364",0,False
PRT,CHN,Gloves,611691,"3,311",0,False
PRT,NPL,Carpets,5702,"1,886",0,False
PRT,CHN,Polysilicon,280461,"1,331",0,False
PRT,IND,Bricks,6901,"1,163",1,False
PRT,PAK,Bricks,690290,963,1,False
PRT,PAK,Carpets,5705,869,0,False
PRT,BRA,Charcoal,4402,790,1,False
PRT,CHN,Bricks,6901,783,0,False
PRT,IND,Bricks,6904,763,0,False
PRT,IND,Embellished Textiles,580900,465,0,False
PRT,IND,Tea,210120,403,0,False
PRT,NPL,Carpets,5705,232,0,False
PRT,IND,Thread/Yarn,5406,218,0,False
PRT,PAK,Carpets,5703,183,0,False
PRT,PAK,Cotton,5201,150,0,False
PRT,IND,Bricks,681011,129,1,False
PRT,CHN,Aluminum,7603,48,0,False
PRT,IND,Embellished Textiles,540791,31,0,False
PRT,IND,Thread/Yarn,5508,13,0,False
ROU,CHN,Electronics,85,"2,547,951,609","141,788",False
ROU,CHN,Footwear,64,"133,087,202","12,545",False
ROU,BGD,Garments,61,"123,379,415","10,145",False
ROU,CHN,Toys,9503,"101,570,189","15,057",False
ROU,MYS,Electronics,85,"94,660,458","2,532",False
ROU,CHN,Garments,61,"92,185,796","8,530",False
ROU,BGD,Garments,62,"65,549,016","4,692",False
ROU,CHN,Garments,62,"58,851,051","3,637",False
ROU,IND,Garments,61,"38,013,638","2,334",False
ROU,MMR,Garments,62,"30,545,579","2,061",False
ROU,CHN,Thread/Yarn,5402,"21,669,001","7,108",False
ROU,MMR,Garments,61,"19,464,026","1,578",False
ROU,CHN,Artificial Flowers,6702,"15,894,219","2,531",False
ROU,IND,Thread/Yarn,5205,"15,383,118","2,322",False
ROU,CHN,Christmas Decorations,950510,"14,009,803","2,078",False
ROU,CHN,Toys,9504,"9,313,749","1,183",False
ROU,IND,Garments,62,"8,944,206",473,False
ROU,IND,Thread/Yarn,5402,"7,969,585","1,865",False
ROU,CHN,Aluminum,7606,"7,691,370","1,438",False
ROU,CHN,Tomato Products,200290,"7,590,113","5,690",False
ROU,CHN,Fireworks,360410,"5,865,440","1,675",False
ROU,CHN,Hair Products,670420,"4,501,227",12,False
ROU,IND,Thread/Yarn,5509,"3,834,235",824,False
ROU,MYS,Garments,61,"3,831,782",253,False
ROU,IND,Tea,210690,"3,675,955",177,False
ROU,VNM,Garments,62,"3,432,194",76,False
ROU,BLR,Furniture,94,"3,287,419","1,566",False
ROU,MWI,Tobacco,2401,"3,178,321",775,False
ROU,CHN,Nails,7317,"2,992,922","1,162",False
ROU,CHN,Nails,761610,"2,803,819",189,False
ROU,VNM,Garments,61,"2,692,738",58,False
ROU,CHN,Toys,950590,"2,663,366",460,False
ROU,CHN,Thread/Yarn,5508,"2,607,931",219,False
ROU,MYS,Rubber Gloves,401519,"2,342,531",450,False
ROU,CHN,Bricks,690220,"1,854,927",302,False
ROU,CHN,Aluminum,7604,"1,754,115",447,False
ROU,CHN,Bricks,690210,"1,735,101","1,272",False
ROU,IND,Thread/Yarn,5510,"1,707,575",537,False
ROU,MMR,Rice,1006,"1,565,740","2,125",False
ROU,CHN,Thread/Yarn,5509,"1,509,120",587,False
ROU,CHN,Thread/Yarn,5401,"1,480,152",267,False
ROU,IND,Carpets,5702,"1,290,866",324,False
ROU,IND,Rice,1006,"1,279,379","1,500",False
ROU,IND,Bricks,690220,"1,222,768",187,False
ROU,IND,Carpets,5703,"1,013,504",282,False
ROU,CHN,Aluminum,7603,"950,421",280,False
ROU,IND,Carpets,5705,"600,704",280,False
ROU,CHN,Metallurgical Grade Silicon,280469,"566,744",293,False
ROU,CHN,Gloves,420329,"503,818",81,False
ROU,CHN,Thread/Yarn,5206,"401,650",327,False
ROU,CHN,Tomato Products,120991,"355,209",27,False
ROU,IND,Thread/Yarn,5401,"279,139",38,False
ROU,MYS,Garments,62,"244,623",7,False
ROU,CHN,Christmas Decorations,853922,"239,369",77,False
ROU,THA,Garments,61,"190,180",7,False
ROU,CHN,Tomato Products,210390,"166,872",43,False
ROU,CHN,Thread/Yarn,5510,"163,009",65,False
ROU,CHN,Bricks,690290,"161,852",83,False
ROU,IND,Thread/Yarn,5204,"156,290",13,False
ROU,THA,Garments,62,"149,754",3,False
ROU,IND,Bricks,690210,"133,224",156,False
ROU,IND,Carpets,5701,"131,765",3,False
ROU,CHN,Squid,160554,"100,285",10,False
ROU,CHN,Polyvinyl Chloride,390422,"87,376",59,False
ROU,BRA,Garments,62,"65,495",0,False
ROU,IND,Bricks,681011,"59,655",76,False
ROU,IND,Thread/Yarn,5206,"49,088",21,False
ROU,CHN,Bricks,681011,"38,067",57,False
ROU,CHN,Hair Products,670300,"35,849",0,False
ROU,CHN,Gloves,611691,"35,300",1,False
ROU,CHN,Coal,2701,"33,672",72,False
ROU,CHN,Thread/Yarn,5403,"31,892",5,False
ROU,CHN,Aluminum,7601,"30,616",6,False
ROU,CHN,Thread/Yarn,5511,"25,391",5,False
ROU,CHN,Caustic Soda,281511,"21,572",33,False
ROU,CHN,Thread/Yarn,5406,"21,047",4,False
ROU,CHN,Aluminum,7605,"20,439",4,False
ROU,IND,Thread/Yarn,5508,"19,193",2,False
ROU,BRA,Garments,61,"18,807",0,False
ROU,IND,Bricks,690290,"18,403",29,False
ROU,CHN,Thread/Yarn,5204,"18,227",6,False
ROU,CHN,Bricks,6904,"16,184",13,False
ROU,IND,Sandstone,251620,"14,869",50,False
ROU,CHN,Thread/Yarn,5205,"14,144",4,False
ROU,CHN,Nails,741510,"11,963",0,False
ROU,CHN,Polyvinyl Chloride,390421,"10,792",10,False
ROU,CHN,Thread/Yarn,5207,"10,210",1,False
ROU,PAK,Carpets,5705,"9,069",2,False
ROU,CHN,Bricks,6901,"8,277",1,False
ROU,PER,Timber,4403,"8,191",1,False
ROU,IND,Carpets,5704,"7,519",3,False
ROU,MUS,Garments,61,"3,744",0,False
ROU,PAK,Carpets,5702,"3,361",0,False
ROU,CHN,Polyvinyl Chloride,390410,"2,236",2,False
ROU,MUS,Garments,62,"1,931",0,False
ROU,IND,Embellished Textiles,580900,386,0,False
ROU,ARG,Garments,62,379,0,False
ROU,CHN,Tomato Products,210320,255,0,False
ROU,IND,Rice,100890,60,0,False
ROU,ARG,Garments,61,50,0,False
SVK,CHN,Electronics,85,"2,801,735,823","106,938",False
SVK,MYS,Electronics,85,"306,671,682","10,436",False
SVK,BGD,Garments,61,"305,129,440","15,904",False
SVK,CHN,Footwear,64,"244,852,013","8,917",False
SVK,BGD,Garments,62,"211,664,836","8,865",False
SVK,CHN,Garments,61,"190,548,381","5,947",False
SVK,CHN,Garments,62,"155,473,870","4,935",False
SVK,CHN,Toys,9503,"106,138,727","5,299",False
SVK,CIV,Cocoa,180100,"50,299,153","5,098",False
SVK,MMR,Garments,62,"43,261,639","2,638",False
SVK,VNM,Garments,62,"36,964,493",978,False
SVK,VNM,Garments,61,"31,710,690",958,False
SVK,MMR,Garments,61,"25,173,899","1,931",False
SVK,IND,Garments,61,"18,097,838","1,219",False
SVK,CHN,Christmas Decorations,950510,"15,640,890",983,False
SVK,CHN,Toys,9504,"13,145,688",546,False
SVK,IND,Garments,62,"12,757,119",358,False
SVK,CHN,Thread/Yarn,5402,"11,290,913","5,148",False
SVK,CHN,Artificial Flowers,6702,"9,370,406",716,False
SVK,CHN,Toys,950590,"4,502,365",277,False
SVK,CHN,Aluminum,7606,"3,221,619",408,False
SVK,CHN,Aluminum,7604,"2,538,009",338,False
SVK,CHN,Tomato Products,210390,"2,236,369",366,False
SVK,CHN,Bricks,690220,"1,685,852",624,False
SVK,CHN,Nails,7317,"1,532,802",765,False
SVK,CHN,Fireworks,360410,"1,486,894",309,False
SVK,BLR,Furniture,94,"1,426,975",746,False
SVK,CHN,Gloves,420329,"1,344,078",45,False
SVK,THA,Garments,61,"1,247,617",27,False
SVK,MYS,Garments,61,"1,243,124",29,False
SVK,CHN,Thread/Yarn,5511,"875,937",98,False
SVK,MMR,Rice,1006,"776,349",675,False
SVK,IND,Carpets,5703,"568,915",104,False
SVK,IND,Thread/Yarn,5402,"524,177",238,False
SVK,CHN,Thread/Yarn,5401,"508,913",27,False
SVK,CHN,Bricks,690210,"473,496",581,False
SVK,IND,Carpets,5702,"464,907",112,False
SVK,MUS,Garments,62,"445,179",5,False
SVK,THA,Garments,62,"362,988",7,False
SVK,MYS,Rubber Gloves,401519,"340,875",62,False
SVK,CHN,Nails,761610,"326,097",28,False
SVK,CHN,Thread/Yarn,5406,"322,520",26,False
SVK,CHN,Thread/Yarn,5510,"290,817",73,False
SVK,ARG,Garments,62,"272,101",1,False
SVK,CHN,Thread/Yarn,5508,"248,926",30,False
SVK,MYS,Garments,62,"239,289",3,False
SVK,IDN,Nickel,7502,"233,599",14,False
SVK,CHN,Thread/Yarn,5207,"188,948",17,False
SVK,IND,Carpets,5705,"188,385",69,False
SVK,CHN,Hair Products,670420,"187,914",1,False
SVK,CHN,Bricks,690290,"102,787",36,False
SVK,CHN,Aluminum,7603,"98,360",19,False
SVK,IND,Bricks,690220,"98,010",93,False
SVK,IND,Thread/Yarn,5401,"96,583",38,False
SVK,IND,Rice,1006,"88,299",47,False
SVK,CHN,Coal,2701,"86,505",205,False
SVK,CHN,Tomato Products,200290,"86,166",61,False
SVK,IND,Tea,210690,"85,215",3,False
SVK,CHN,Christmas Decorations,853922,"83,754",2,False
SVK,CHN,Gloves,611691,"64,950",3,False
SVK,CHN,Bricks,6901,"45,849",11,False
SVK,MUS,Garments,61,"42,990",1,False
SVK,CHN,Nails,741510,"42,941",2,False
SVK,BRA,Garments,61,"39,402",0,False
SVK,IND,Carpets,5701,"36,180",8,False
SVK,IND,Thread/Yarn,5403,"32,417",4,False
SVK,CHN,Metallurgical Grade Silicon,280469,"27,712",12,False
SVK,IND,Sandstone,251620,"22,997",113,False
SVK,IND,Carpets,5704,"22,043",5,False
SVK,CHN,Tomato Products,120991,"19,078",2,False
SVK,IND,Bricks,681011,"15,083",16,False
SVK,ARG,Garments,61,"15,025",0,False
SVK,CHN,Aluminum,7605,"13,541",2,False
SVK,BRA,Garments,62,"13,506",0,False
SVK,CHN,Thread/Yarn,5204,"13,152",1,False
SVK,CHN,Hair Products,670300,"12,518",0,False
SVK,IND,Thread/Yarn,5205,"12,250",1,False
SVK,CHN,Polyvinyl Chloride,390422,"9,417",9,False
SVK,CHN,Thread/Yarn,5509,"7,082",2,False
SVK,PAK,Carpets,5702,"7,013",1,False
SVK,NPL,Carpets,5701,"6,518",0,False
SVK,BLR,Lumber,4407,"3,425",7,False
SVK,CHN,Bricks,6904,"2,715",2,False
SVK,CHN,Aluminum,7601,"2,338",1,False
SVK,CHN,Thread/Yarn,5403,"2,086",0,False
SVK,IND,Rice,100890,"1,607",1,False
SVK,IND,Thread/Yarn,5207,"1,478",0,False
SVK,CHN,Polyvinyl Chloride,390410,"1,250",0,False
SVK,PAK,Carpets,5705,"1,199",0,False
SVK,IND,Tea,210120,"1,098",0,False
SVK,IND,Embellished Textiles,580900,891,0,False
SVK,CHN,Bricks,681011,810,0,False
SVK,CHN,Polyvinyl Chloride,390421,521,0,False
SVK,MMR,Rubies,710391,326,0,False
SVK,IND,Thread/Yarn,5511,285,0,False
SVK,PAK,Carpets,5703,235,0,False
SVK,CHN,Polyvinyl Chloride,391530,194,0,False
SVK,PAK,Carpets,5701,45,0,False
SVK,IND,Thread/Yarn,5508,32,0,False
SVK,IND,Embellished Textiles,540792,15,0,False
SVK,IND,Bricks,6904,12,0,False
SVK,CHN,Polysilicon,280461,12,0,False
SVK,CHN,Thread/Yarn,5205,8,0,False
SVK,IND,Bricks,6901,2,0,False
SVK,CHN,Caustic Soda,281512,2,0,False
SVN,CHN,Electronics,85,"1,788,018,899","109,063",False
SVN,CHN,Garments,61,"102,679,901","4,172",False
SVN,CHN,Footwear,64,"102,323,256","4,876",False
SVN,BGD,Garments,61,"81,873,590","4,306",False
SVN,CHN,Toys,9503,"80,447,756","3,987",False
SVN,CHN,Garments,62,"76,074,467","2,395",False
SVN,MYS,Electronics,85,"47,136,920",548,False
SVN,BGD,Garments,62,"45,325,945","1,808",False
SVN,VNM,Garments,62,"19,331,320",343,False
SVN,CHN,Toys,9504,"18,167,403",708,False
SVN,IND,Garments,61,"15,806,921",543,False
SVN,MMR,Garments,62,"13,608,260",354,False
SVN,VNM,Garments,61,"13,291,502",254,False
SVN,MMR,Garments,61,"8,300,721",338,False
SVN,IND,Garments,62,"6,849,661",136,False
SVN,MYS,Garments,61,"6,620,421",159,False
SVN,CHN,Artificial Flowers,6702,"5,544,633",512,False
SVN,CHN,Christmas Decorations,950510,"4,851,964",535,False
SVN,CHN,Aluminum,7606,"3,204,860",666,False
SVN,MYS,Rubber Gloves,401519,"3,198,843",372,False
SVN,CHN,Thread/Yarn,5403,"2,561,640",855,False
SVN,MMR,Rice,1006,"2,491,210","4,523",False
SVN,CHN,Toys,950590,"2,352,830",152,False
SVN,CHN,Thread/Yarn,5402,"2,338,641",984,False
SVN,CHN,Bricks,690210,"2,312,446","2,905",False
SVN,CHN,Thread/Yarn,5510,"2,288,417",780,False
SVN,CHN,Fireworks,360410,"2,157,298",479,False
SVN,IDN,Nickel,7502,"1,417,399",73,False
SVN,IND,Carpets,5703,"1,220,360",216,False
SVN,IND,Thread/Yarn,5205,"1,202,467",239,False
SVN,BLR,Furniture,94,"1,142,452",886,False
SVN,THA,Garments,61,"1,016,918",15,False
SVN,CHN,Aluminum,7604,"959,093",161,False
SVN,IND,Carpets,5702,"857,321",91,False
SVN,MYS,Garments,62,"793,064",12,False
SVN,CHN,Gloves,420329,"778,188",28,False
SVN,CHN,Thread/Yarn,5509,"714,326",203,False
SVN,CHN,Thread/Yarn,5406,"678,885",175,False
SVN,CHN,Metallurgical Grade Silicon,280469,"606,406",271,False
SVN,IND,Tea,210690,"603,516",29,False
SVN,CHN,Hair Products,670420,"528,189",0,False
SVN,CHN,Coal,2701,"518,625","1,151",False
SVN,IND,Thread/Yarn,5402,"487,301",150,False
SVN,CHN,Aluminum,7605,"465,354",135,False
SVN,CHN,Nails,7317,"457,959",98,False
SVN,IND,Rice,1006,"397,217",282,False
SVN,CHN,Thread/Yarn,5401,"375,711",20,False
SVN,CHN,Bricks,690220,"354,771",362,False
SVN,THA,Garments,62,"349,377",8,False
SVN,CHN,Thread/Yarn,5511,"334,388",45,False
SVN,CHN,Tomato Products,120991,"260,631",2,False
SVN,KAZ,Cotton,5201,"237,642",118,False
SVN,CHN,Nails,761610,"185,877",15,False
SVN,IND,Carpets,5705,"160,463",52,False
SVN,IND,Bricks,690210,"143,564",168,False
SVN,CHN,Aluminum,7601,"117,011",35,False
SVN,MMR,Teak,440729,"116,588",20,False
SVN,BLR,Lumber,4412,"114,179",90,False
SVN,CHN,Tomato Products,200290,"104,622",64,False
SVN,CHN,Thread/Yarn,5205,"89,136",14,False
SVN,IND,Thread/Yarn,5509,"87,227",47,False
SVN,CHN,Thread/Yarn,5508,"80,928",5,False
SVN,MUS,Garments,62,"79,828",1,False
SVN,CHN,Christmas Decorations,853922,"70,308",3,False
SVN,MUS,Garments,61,"56,110",1,False
SVN,IND,Thread/Yarn,5510,"52,585",22,False
SVN,IND,Carpets,5701,"52,058",2,False
SVN,IND,Tea,210120,"51,473",4,False
SVN,CHN,Tomato Products,210390,"47,129",10,False
SVN,CHN,Gloves,611691,"45,673",1,False
SVN,IND,Embellished Textiles,540792,"41,658",3,False
SVN,CHN,Thread/Yarn,5207,"40,940",5,False
SVN,CHN,Bricks,6901,"35,418",38,False
SVN,CHN,Hair Products,670300,"32,735",0,False
SVN,CHN,Polyvinyl Chloride,390410,"32,441",38,False
SVN,RUS,Bricks,6901,"16,756",19,False
SVN,CHN,Tomato Products,210320,"16,091",8,False
SVN,CHN,Polysilicon,280461,"10,025",5,False
SVN,IND,Sandstone,251620,"9,485",46,False
SVN,CHN,Bricks,690290,"8,072",1,False
SVN,IND,Rice,100890,"7,014",3,False
SVN,BRA,Garments,62,"6,627",0,False
SVN,PAK,Carpets,5702,"5,484",1,False
SVN,ARG,Garments,61,"5,302",0,False
SVN,CHN,Bricks,6904,"4,384",1,False
SVN,BRA,Garments,61,"4,096",0,False
SVN,CHN,Thread/Yarn,5204,"2,769",1,False
SVN,CHN,Nails,741510,"2,482",0,False
SVN,IND,Carpets,5704,"2,445",0,False
SVN,PAK,Carpets,5703,"2,350",0,False
SVN,CHN,Squid,160554,"1,115",0,False
SVN,PAK,Carpets,5701,815,0,False
SVN,IND,Thread/Yarn,5401,804,0,False
SVN,CHN,Bricks,681011,769,0,False
SVN,IND,Thread/Yarn,5406,717,0,False
SVN,NPL,Carpets,5701,362,0,False
SVN,ARG,Garments,62,356,0,False
SVN,CHN,Polyvinyl Chloride,390421,338,0,False
SVN,PAK,Carpets,5705,266,0,False
SVN,CHN,Caustic Soda,281511,264,0,False
SVN,CHN,Polyvinyl Chloride,390422,233,0,False
SVN,CHN,Cotton,5201,228,0,False
SVN,NPL,Carpets,5705,151,0,False
SVN,IND,Thread/Yarn,5207,130,0,False
SVN,IND,Embellished Textiles,580900,77,0,False
SWE,CHN,Electronics,85,"3,849,563,032","210,148",False
SWE,CHN,Garments,62,"525,943,818","17,891",False
SWE,CHN,Garments,61,"507,327,341","22,063",False
SWE,BGD,Garments,61,"390,016,509","24,320",False
SWE,BGD,Garments,62,"232,849,395","11,749",False
SWE,CHN,Footwear,64,"168,457,379","11,331",False
SWE,CHN,Toys,9503,"129,504,047","11,813",False
SWE,MYS,Electronics,85,"106,020,843","2,126",False
SWE,IND,Garments,62,"89,944,616","2,364",False
SWE,VNM,Garments,62,"69,808,510","1,808",False
SWE,MMR,Garments,62,"55,098,021","2,157",False
SWE,IND,Garments,61,"47,776,156","2,060",False
SWE,VNM,Garments,61,"39,503,343","1,447",False
SWE,MMR,Garments,61,"35,254,291","1,120",False
SWE,CHN,Toys,9504,"27,065,915","2,611",False
SWE,CHN,Gloves,420329,"26,705,120",857,False
SWE,CHN,Christmas Decorations,950510,"24,661,594","3,665",False
SWE,CHN,Artificial Flowers,6702,"23,523,045","2,682",False
SWE,IND,Carpets,5702,"15,871,359","2,244",False
SWE,IND,Rice,1006,"12,791,914","8,863",False
SWE,IND,Carpets,5703,"10,096,749","1,494",False
SWE,CHN,Hair Products,670420,"10,010,895",43,False
SWE,CHN,Toys,950590,"9,532,772","1,039",False
SWE,MYS,Rubber Gloves,401519,"8,147,350","1,202",False
SWE,CHN,Coal,2701,"7,759,444","29,500",False
SWE,IND,Carpets,5705,"6,576,320","1,556",False
SWE,BFA,Cotton,5201,"5,937,198","3,000",False
SWE,THA,Garments,61,"5,746,885",209,False
SWE,IND,Carpets,5701,"4,983,098",565,False
SWE,CHN,Nails,7317,"4,870,143","2,112",False
SWE,CHN,Fireworks,360410,"4,783,632","1,346",False
SWE,THA,Garments,62,"4,583,219",170,False
SWE,IDN,Nickel,7501,"3,338,021",216,False
SWE,CHN,Thread/Yarn,5402,"3,262,698","1,705",False
SWE,CHN,Aluminum,7606,"2,778,837",671,False
SWE,CHN,Tomato Products,200290,"2,128,042","1,588",False
SWE,CHN,Tomato Products,210390,"1,969,245",589,False
SWE,CHN,Gloves,611691,"1,651,528",43,False
SWE,CHN,Nails,761610,"1,598,081",160,False
SWE,CHN,Aluminum,7604,"1,126,619",212,False
SWE,IND,Tea,210690,"1,117,538",239,False
SWE,CHN,Bricks,690210,"1,078,517","1,669",False
SWE,CHN,Thread/Yarn,5511,"937,012",101,False
SWE,CHN,Thread/Yarn,5207,"929,157",55,False
SWE,CHN,Bricks,690290,"893,293",381,False
SWE,IND,Thread/Yarn,5207,"529,088",23,False
SWE,MYS,Garments,61,"462,634",48,False
SWE,MUS,Garments,62,"403,012",12,False
SWE,CHN,Bricks,690220,"287,113",311,False
SWE,CHN,Christmas Decorations,853922,"274,517",16,False
SWE,IND,Thread/Yarn,5511,"251,971",27,False
SWE,MWI,Tobacco,2401,"226,730",30,False
SWE,PAK,Carpets,5701,"165,612",10,False
SWE,PAK,Carpets,5702,"157,209",19,False
SWE,IND,Thread/Yarn,5204,"141,460",10,False
SWE,IND,Thread/Yarn,5205,"141,175",19,False
SWE,NPL,Carpets,5701,"128,884",14,False
SWE,CHN,Metallurgical Grade Silicon,280469,"110,342",20,False
SWE,CHN,Caustic Soda,281511,"108,740",144,False
SWE,CHN,Thread/Yarn,5509,"92,844",7,False
SWE,CHN,Aluminum,7605,"92,579",25,False
SWE,IND,Bricks,690220,"84,793",57,False
SWE,PER,Gold,7108,"82,346",13,False
SWE,IND,Carpets,5704,"81,760",35,False
SWE,MUS,Garments,61,"73,335",2,False
SWE,CHN,Thread/Yarn,5401,"72,627",9,False
SWE,IND,Bricks,690210,"68,803",49,False
SWE,CHN,Thread/Yarn,5508,"66,051",7,False
SWE,CHN,Aluminum,7601,"59,616",12,False
SWE,CHN,Hair Products,670300,"52,065",0,False
SWE,CHN,Thread/Yarn,5406,"50,169",6,False
SWE,CHN,Thread/Yarn,5204,"44,857",3,False
SWE,MYS,Garments,62,"38,165",2,False
SWE,IND,Thread/Yarn,5206,"35,864",10,False
SWE,BRA,Garments,62,"32,875",1,False
SWE,IND,Sandstone,251620,"32,272",91,False
SWE,CHN,Cotton,5201,"31,606",15,False
SWE,CHN,Bricks,6901,"30,906",40,False
SWE,CHN,Nails,741510,"26,599",0,False
SWE,IND,Thread/Yarn,5509,"24,266",9,False
SWE,CHN,Bricks,6904,"23,317",28,False
SWE,IND,Tea,210120,"22,905",2,False
SWE,ETH,Textiles (hand-woven),5209,"20,440",4,False
SWE,CHN,Bricks,681011,"20,345",43,False
SWE,BRA,Garments,61,"18,308",1,False
SWE,CHN,Squid,160554,"10,247",1,False
SWE,CHN,Polyvinyl Chloride,390410,"9,090",5,False
SWE,IDN,Nickel,750300,"7,614",1,False
SWE,IND,Bricks,690290,"6,756",10,False
SWE,CHN,Thread/Yarn,5205,"5,015",1,False
SWE,CHN,Thread/Yarn,5403,"4,732",1,False
SWE,PAK,Carpets,5705,"4,731",1,False
SWE,IND,Thread/Yarn,5402,"4,127",1,False
SWE,CHN,Polysilicon,280461,"3,974",1,False
SWE,ARG,Garments,62,"3,502",0,False
SWE,CHN,Aluminum,7603,"3,028",1,False
SWE,ARG,Garments,61,"2,651",0,False
SWE,MMR,Rice,1006,"2,650",2,False
SWE,NPL,Carpets,5702,"2,650",1,False
SWE,CHN,Polyvinyl Chloride,390422,"2,380",1,False
SWE,IND,Thread/Yarn,5508,"2,310",0,False
SWE,BRA,Timber,4403,"1,817",0,False
SWE,PAK,Cotton,5201,"1,419",1,False
SWE,IND,Rice,100890,"1,369",1,False
SWE,CHN,Tomato Products,210320,"1,230",1,False
SWE,PAK,Carpets,5703,"1,041",0,False
SWE,CHN,Tomato Products,120991,757,0,False
SWE,IND,Embellished Textiles,580900,568,0,False
SWE,PAK,Sugarcane,121293,379,0,False
SWE,BLR,Furniture,94,379,0,False
SWE,IND,Embellished Textiles,540792,284,0,False
SWE,CHN,Polyvinyl Chloride,390421,189,0,False
SWE,NPL,Carpets,5703,189,0,False
SWE,IND,Bricks,681011,166,1,False
SWE,CHN,Thread/Yarn,5206,150,0,False
SWE,IND,Sugarcane,121293,95,0,False
SWE,IND,Bricks,6904,95,0,False
SWE,IND,Embellished Textiles,540791,95,0,False
SWE,IND,Bricks,6901,95,0,False
